app_id,run_id,client_id,work_id,title,inn,positiontitle,standing,standingfrom,fullstanding
4770,2018804,3691,88403,,,,3.00,,125.00
7521,619706,5596,126559,ООО СТРОЙЦЕНТР,912387179751,Врач,51.00,2015-07-21,51.00
7522,619796,5599,126596,ООО СТРОЙЦЕНТР,912387179751,Врач,51.00,2015-07-21,51.00
7524,619925,5605,126658,ООО СЕЛЬХОЗСНАБ,4027185277,разработчик,133.00,2008-07-16,133.00
7528,620596,5611,126836,ООО ЭЛИТ-СТРОЙ,4056831274,рук проекта,59.00,2015-01-01,120.00
7529,620597,5612,126837,ООО ПРОТОН,8887883226,лторгшрт,51.00,2015-10-10,308.00
7529,620601,5612,126839,ООО ПРОТОН,8887883226,лторгшрт,51.00,2015-10-10,308.00
7530,620618,5613,126850,ООО ЭЛИТ-СТРОЙ,4056831274,рук проекта,59.00,2015-01-01,120.00
7531,620619,5614,126851,ООО ПРОТОН,8887883226,лторгшрт,51.00,2015-10-10,308.00
7531,620622,5614,126854,ООО ПРОТОН,8887883226,лторгшрт,51.00,2015-10-10,308.00
7532,620672,5616,126877,ООО ЭЛИТ-СТРОЙ,4056831274,рук проекта,59.00,2015-01-01,120.00
7533,620673,5617,126878,ООО ПРОТОН,8887883226,лторгшрт,51.00,2015-10-10,308.00
7533,620677,5617,126880,ООО ПРОТОН,8887883226,лторгшрт,51.00,2015-10-10,308.00
7534,620678,5619,126881,ООО ЭЛИТ-СТРОЙ,4056831274,рук проекта,59.00,2015-01-01,120.00
7535,620679,5620,126882,ООО ПРОТОН,8887883226,лторгшрт,51.00,2015-10-10,308.00
7535,620686,5620,126886,ООО ПРОТОН,8887883226,лторгшрт,51.00,2015-10-10,308.00
7536,620689,5622,126888,ООО ЭЛИТ-СТРОЙ,4056831274,рук проекта,59.00,2015-01-01,120.00
7537,620690,5623,126889,ООО ПРОТОН,8887883226,лторгшрт,51.00,2015-10-10,308.00
7537,620691,5623,126890,ООО ПРОТОН,8887883226,лторгшрт,51.00,2015-10-10,308.00
7538,620697,5625,126893,ООО ЭЛИТ-СТРОЙ,4056831274,рук проекта,59.00,2015-01-01,120.00
7539,620698,5626,126894,ООО ПРОТОН,8887883226,лторгшрт,51.00,2015-10-10,308.00
7539,620704,5626,126898,ООО ПРОТОН,8887883226,лторгшрт,51.00,2015-10-10,308.00
7540,620860,5628,126981,ООО ЭЛИТ-СТРОЙ,4056831274,рук проекта,59.00,2015-01-01,120.00
7541,620861,5629,126982,ООО ПРОТОН,8887883226,лторгшрт,51.00,2015-10-10,308.00
7541,620862,5629,126983,ООО ПРОТОН,8887883226,лторгшрт,51.00,2015-10-10,308.00
7542,620986,5631,127034,ООО НАЧАЛО,4056831274,рукол,173.00,2005-01-01,241.00
7543,621006,5632,127045,ООО ПРОТОН,4008864852,Юрист,121.00,2009-11-04,132.00
7544,621076,5634,127079,ООО ПРОТОН,4008864852,Юрист,121.00,2009-11-04,132.00
7545,621104,5635,127095,ООО ЭЛИТ-СТРОЙ,596751311,шеф,179.00,2005-01-01,179.00
7546,621157,5637,127126,ООО ОК РЕМОНТ,9196821613,Должность,65.00,,65.00
7547,621198,5638,127150,ООО ГИГАНТ,9235833119,Ведущий специалист,13.00,2018-12-12,48.00
7548,621306,5640,127193,ООО ЭЛИТ-СТРОЙ,4056831274,рукк,58.00,2015-02-03,78.00
7548,621307,5640,127194,ООО ЭЛИТ-СТРОЙ,4056831274,рукк,58.00,2015-02-03,78.00
7549,621373,5641,127224,ООО ПОРТАЛ,7930804888,Специалист,120.00,2009-12-24,135.00
7549,621378,5641,127226,ООО ПОРТАЛ,7930804888,Специалист,120.00,2009-12-24,135.00
7550,621557,5643,127311,ООО ПОРТАЛ,7930804888,Специалист,120.00,2009-12-24,135.00
7550,621561,5643,127313,ООО ПОРТАЛ,7930804888,Специалист,120.00,2009-12-24,135.00
7551,621739,5644,127381,ООО СЕЛЬХОЗСНАБ,4027185277,разработчик,133.00,2008-07-16,133.00
2050007604,619334,2000079701,126406,,,,47.00,2016-10-18,152.00
2050007604,619376,2000079701,126414,ООО ПРОГРЕСС,4056830951,должник,47.00,2016-10-18,152.00
2050007604,619383,2000079701,126417,ООО ПРОГРЕСС,4056830951,должник,47.00,2016-10-18,152.00
2050007608,619528,2000079801,126483,,,,48.00,2016-09-27,189.00
2050007608,619545,2000079801,126490,ООО ПРОГРЕСС,4056830951,сотрудник,48.00,2016-09-27,189.00
2050007608,619558,2000079801,126496,ООО ПРОГРЕСС,4056830951,сотрудник,48.00,2016-09-27,189.00
2050007630,619978,2000076701,126678,ООО СИБТЕК,459925556175,авиваив,17.00,2019-04-01,133.00
2050007686,620683,2000076701,126884,ООО СИБТЕК,459925556175,авиваив,17.00,2019-04-01,133.00
2050007686,621526,2000076701,127298,ООО СИБТЕК,459925556175,авиваив,17.00,2019-04-01,133.00
2050007686,621569,2000076701,127318,ООО СИБТЕК,459925556175,авиваив,17.00,2019-04-01,133.00
2050007687,620993,2000063419,127038,,,,36.00,2017-09-09,112.00
2050007687,620994,2000063419,127039,ООО ПРОГРЕСС,4056830951,директор,36.00,2017-09-09,112.00
2050007689,621446,2000080301,127261,,,,75.00,2014-06-03,223.00
2050007689,621466,2000080301,127271,ООО ПРОГРЕСС,4056830951,статист,75.00,2014-06-03,223.00
2050007690,621540,2000080401,127301,,,,72.00,2014-09-08,176.00
2050007690,621560,2000080401,127312,ООО ПРОГРЕСС,4056830951,статист,72.00,2014-09-08,176.00
2100044145,2018813,2000731101,119971,ООО ЭЛИТ-СТРОЙ,5025658766,Экономист,190.00,2004-10-25,240.00
2100044145,2018813,2000731101,119982,ООО ЭЛИТ-СТРОЙ,5025658766,Экономист,190.00,2004-10-25,240.00
2100044145,2018813,2000731101,122364,ООО ЭЛИТ-СТРОЙ,5025658766,Экономист,190.00,2004-10-25,240.00
2100046244,621390,2000758501,127234,ООО ПРОГРЕСС,4056830951,разработчик,132.00,2009-09-10,149.00
2100048246,619609,2000776701,126515,ООО ПРОГРЕСС,4056830951,Спец,120.00,2017-09-21,130.00
2100048246,619613,2000776701,126518,ООО ПРОГРЕСС,4056830951,Спец,120.00,2017-09-21,130.00
2100048246,619619,2000776701,126523,ООО ПРОГРЕСС,4056830951,Спец,120.00,2017-09-21,130.00
2100048246,619627,2000776701,126527,ООО ПРОГРЕСС,4056830951,Спец,120.00,2017-09-21,130.00
2100048247,619661,2000776801,126539,ООО ПРОГРЕСС,4056830951,Спец,120.00,2017-09-21,130.00
2100048247,619667,2000776801,126541,ООО ПРОГРЕСС,4056830951,Спец,120.00,2017-09-21,130.00
2100048247,619669,2000776801,126542,ООО ПРОГРЕСС,4056830951,Спец,120.00,2017-09-21,130.00
2300154571,620439,2000849968,126770,,,,64.00,2015-05-01,64.00
2100048247,619671,2000776801,126543,ООО ПРОГРЕСС,4056830951,Спец,120.00,2017-09-21,130.00
2100048248,619677,2000776802,126547,ООО ПРОГРЕСС,4056830951,Спец,120.00,2017-09-21,130.00
2100048248,619680,2000776802,126549,ООО ПРОГРЕСС,4056830951,Спец,120.00,2017-09-21,130.00
2100048248,619692,2000776802,126552,ООО ПРОГРЕСС,4056830951,Спец,120.00,2017-09-21,130.00
2100048248,619701,2000776802,126556,ООО ПРОГРЕСС,4056830951,Спец,120.00,2017-09-21,130.00
2100048249,619785,2000776901,126588,ООО ПРОГРЕСС,4056830951,Спец,120.00,2017-09-21,130.00
2100048249,619787,2000776901,126590,ООО ПРОГРЕСС,4056830951,Спец,120.00,2017-09-21,130.00
2100048249,619788,2000776901,126591,ООО ПРОГРЕСС,4056830951,Спец,120.00,2017-09-21,130.00
2100048249,619789,2000776901,126592,ООО ПРОГРЕСС,4056830951,Спец,120.00,2017-09-21,130.00
2100048250,620087,2000777001,126710,ООО ПРОГРЕСС,4056830951,Спец,120.00,2017-09-21,130.00
2100048250,620088,2000777001,126711,ООО ПРОГРЕСС,4056830951,Спец,120.00,2017-09-21,130.00
2100048250,620089,2000777001,126712,ООО ПРОГРЕСС,4056830951,Спец,120.00,2017-09-21,130.00
2100048250,620090,2000777001,126713,ООО ПРОГРЕСС,4056830951,Спец,120.00,2017-09-21,130.00
2100048296,620291,2000777301,126721,,,,76.00,2014-02-02,101.00
2100048296,620293,2000777301,126723,ООО ПРОГРЕСС,4056830951,Банкир,76.00,2014-02-02,101.00
2100048297,620292,2000777302,126722,,,,76.00,2014-02-02,101.00
2100048297,620294,2000777302,126724,ООО ПРОГРЕСС,4056830951,Банкир,76.00,2014-02-02,101.00
2100048298,620347,2000777501,126728,ООО ПРОГРЕСС,4056830951,Спец,120.00,2017-09-22,130.00
2100048298,620349,2000777501,126730,ООО ПРОГРЕСС,4056830951,Спец,120.00,2017-09-22,130.00
2100048298,620350,2000777501,126731,ООО ПРОГРЕСС,4056830951,Спец,120.00,2017-09-22,130.00
2100048298,620356,2000777501,126732,ООО ПРОГРЕСС,4056830951,Спец,120.00,2017-09-22,130.00
2100048299,620405,2000777601,126753,ООО ПРОГРЕСС,4056830951,Спец,120.00,2017-09-22,130.00
2100048299,620407,2000777601,126754,ООО ПРОГРЕСС,4056830951,Спец,120.00,2017-09-22,130.00
2100048299,620410,2000777601,126756,ООО ПРОГРЕСС,4056830951,Спец,120.00,2017-09-22,130.00
2100048299,620416,2000777601,126758,ООО ПРОГРЕСС,4056830951,Спец,120.00,2017-09-22,130.00
2100048300,620507,2000777701,126802,ООО ПРОГРЕСС,4056830951,Спец,120.00,2017-09-22,130.00
2100048300,620508,2000777701,126803,ООО ПРОГРЕСС,4056830951,Спец,120.00,2017-09-22,130.00
2100048300,620514,2000777701,126807,ООО ПРОГРЕСС,4056830951,Спец,120.00,2017-09-22,130.00
2100048300,620519,2000777701,126809,ООО ПРОГРЕСС,4056830951,Спец,120.00,2017-09-22,130.00
2100048301,620607,2000777801,126843,ООО ПРОГРЕСС,4056830951,Спец,120.00,2017-09-22,130.00
2100048301,620610,2000777801,126846,ООО ПРОГРЕСС,4056830951,Спец,120.00,2017-09-22,130.00
2100048301,620617,2000777801,126849,ООО ПРОГРЕСС,4056830951,Спец,120.00,2017-09-22,130.00
2100048301,620624,2000777801,126856,ООО ПРОГРЕСС,4056830951,Спец,120.00,2017-09-22,130.00
2100048301,620954,2000777801,127025,ООО ПРОГРЕСС,4056830951,Спец,120.00,2017-09-22,130.00
2100048301,620987,2000777801,127035,ООО ПРОГРЕСС,4056830951,Спец,120.00,2017-09-22,130.00
2100048302,620658,2000777901,126868,ООО ПРОГРЕСС,4056830951,Спец,120.00,2017-09-22,130.00
2100048302,620659,2000777901,126869,ООО ПРОГРЕСС,4056830951,Спец,120.00,2017-09-22,130.00
2100048302,620661,2000777901,126871,ООО ПРОГРЕСС,4056830951,Спец,120.00,2017-09-22,130.00
2100048302,620669,2000777901,126875,ООО ПРОГРЕСС,4056830951,Спец,120.00,2017-09-22,130.00
2100048305,621702,2000777401,127366,,,,113.00,2011-04-18,169.00
2100048305,621816,2000777401,127394,ООО ПРОГРЕСС,4056830951,Менеджер,113.00,2011-04-18,169.00
2100048306,621410,2000778001,127245,ООО ПРОГРЕСС,4056830951,Спец,120.00,2017-09-22,130.00
2100048306,621411,2000778001,127246,ООО ПРОГРЕСС,4056830951,Спец,120.00,2017-09-22,130.00
2100048306,621415,2000778001,127250,ООО ПРОГРЕСС,4056830951,Спец,120.00,2017-09-22,130.00
2100048306,621423,2000778001,127254,ООО ПРОГРЕСС,4056830951,Спец,120.00,2017-09-22,130.00
2300014141,619327,2000362002,126403,ООО ЭЛИТ-СТРОЙ,4007644963,разработчик,73.00,2014-06-05,133.00
2300014204,621645,2000364302,127348,ООО ПРОГРЕСС,3405690312,разработчик,73.00,2014-06-05,133.00
2300014204,621694,2000364302,127362,ООО ПРОГРЕСС,3405690312,разработчик,73.00,2014-06-05,133.00
2300014778,621375,2000376901,127225,ООО АГРОТРЕЙДИНГ,4007644963,разработчик,73.00,2014-06-05,133.00
2300128258,620962,2000232701,127027,,,,0.00,,0.00
2300128258,620971,2000232701,127029,,,,0.00,,0.00
2300139055,621653,2000813148,127349,ООО ФАКТОР,4056830951,разработчик,75.00,2014-06-05,133.00
2300139055,621662,2000813148,127352,ООО ФАКТОР,4056830951,разработчик,75.00,2014-06-05,133.00
2300139055,621669,2000813148,127354,ООО ФАКТОР,4056830951,разработчик,75.00,2014-06-05,133.00
2300139121,621644,2000813734,127346,ООО ФАКТОР,4056830951,разработчик,75.00,2014-06-05,133.00
2300139121,621704,2000813734,127367,ООО ФАКТОР,4056830951,разработчик,75.00,2014-06-05,133.00
2300139173,621497,2000813859,127288,ООО ФАКТОР,4056830951,разработчик,75.00,2014-06-05,133.00
2300139173,621518,2000813859,127295,ООО ФАКТОР,4056830951,разработчик,75.00,2014-06-05,133.00
2300139176,620612,2000813933,126847,ООО ФАКТОР,4056830951,разработчик,75.00,2014-06-05,133.00
2300139176,621440,2000813933,127257,ООО ФАКТОР,4056830951,разработчик,75.00,2014-06-05,133.00
2300139223,620649,2000814152,126864,ООО ФАКТОР,4056830951,разработчик,75.00,2014-06-05,133.00
2300139223,620682,2000814152,126883,ООО ФАКТОР,4056830951,разработчик,75.00,2014-06-05,133.00
2300139771,619420,2000817136,126435,ООО ФАКТОР,4056830951,разработчик,75.00,2014-06-05,133.00
2300141401,619584,2000825534,126506,,,,0.00,,0.00
2300141401,619587,2000825534,126508,,,,0.00,,0.00
2300141401,619599,2000825534,126509,,,,0.00,,0.00
2300141552,620592,2000826368,126835,,,,0.00,,0.00
2300144210,621277,2000839865,127181,ООО ПРОГРЕСС,3405690312,разработчик,75.00,2014-06-05,133.00
2300144210,621283,2000839865,127183,ООО ПРОГРЕСС,3405690312,разработчик,75.00,2014-06-05,133.00
2300144213,621262,2000840066,127173,ООО ПРОГРЕСС,3405690312,разработчик,75.00,2014-06-05,133.00
2300144213,621267,2000840066,127174,ООО ПРОГРЕСС,3405690312,разработчик,75.00,2014-06-05,133.00
2300144261,621246,2000840283,127169,ООО ПРОГРЕСС,3405690312,разработчик,75.00,2014-06-05,133.00
2300144261,621257,2000840283,127171,ООО ПРОГРЕСС,3405690312,разработчик,75.00,2014-06-05,133.00
2300144262,619385,2000840365,126418,ООО ПРОГРЕСС,3405690312,разработчик,75.00,2014-06-05,133.00
2300144262,619394,2000840365,126421,ООО ПРОГРЕСС,3405690312,разработчик,75.00,2014-06-05,133.00
2300144262,620341,2000840365,126726,ООО ПРОГРЕСС,3405690312,разработчик,75.00,2014-06-05,133.00
2300144264,619372,2000840466,126413,ООО ПРОГРЕСС,3405690312,разработчик,75.00,2014-06-05,133.00
2300144264,619444,2000840466,126440,ООО ПРОГРЕСС,3405690312,разработчик,75.00,2014-06-05,133.00
2300144390,619361,2000840992,126411,ООО ПРОГРЕСС,3405690312,разработчик,75.00,2014-06-05,133.00
2300144390,619365,2000840992,126412,ООО ПРОГРЕСС,3405690312,разработчик,75.00,2014-06-05,133.00
2300144390,620339,2000840992,126725,ООО ПРОГРЕСС,3405690312,разработчик,75.00,2014-06-05,133.00
2300145481,619709,2000848495,126561,ООО ПРОГРЕСС,3405690312,разработчик,75.00,2014-06-05,133.00
2300145481,619719,2000848495,126563,ООО ПРОГРЕСС,3405690312,разработчик,75.00,2014-06-05,133.00
2300145481,619724,2000848495,126564,ООО ПРОГРЕСС,3405690312,разработчик,75.00,2014-06-05,133.00
2300145481,619729,2000848495,126565,ООО ПРОГРЕСС,3405690312,разработчик,75.00,2014-06-05,133.00
2300145691,620711,2000849774,126901,ООО ПРОГРЕСС,3405690312,разработчик,75.00,2014-06-05,133.00
2300146127,620806,2000838894,126954,ООО ФЕНИКС,8451839241,Специалист,43.00,2017-02-01,128.00
2300146127,620818,2000838894,126961,ООО ФЕНИКС,8451839241,Специалист,43.00,2017-02-01,128.00
2300146127,620823,2000838894,126964,ООО ФЕНИКС,8451839241,Специалист,43.00,2017-02-01,128.00
2300147669,620728,2000860208,126909,ООО ФАКТОР,4056830951,служ,120.00,2010-09-09,120.00
2300147670,620370,2000860297,126736,,,,120.00,2010-09-09,120.00
2300147670,620372,2000860297,126738,ООО АГРОТРЕЙДИНГ,4056831274,служ,120.00,2010-09-09,120.00
2300147670,620383,2000860297,126739,ООО АГРОТРЕЙДИНГ,4056831274,служ,120.00,2010-09-09,120.00
2300147670,620390,2000860297,126744,ООО АГРОТРЕЙДИНГ,4056831274,служ,120.00,2010-09-09,120.00
2300147670,620395,2000860297,126746,ООО АГРОТРЕЙДИНГ,4056831274,служ,120.00,2010-09-09,120.00
2300147815,620731,2000860908,126911,,,,120.00,2010-09-09,120.00
2300147815,620749,2000860908,126916,ООО ФАКТОР,4056830951,служ,120.00,2010-09-09,120.00
2300147815,620760,2000860908,126923,ООО ФАКТОР,4056830951,служ,120.00,2010-09-09,120.00
2300147815,620768,2000860908,126928,ООО ФАКТОР,4056830951,служ,120.00,2010-09-09,120.00
2300147815,620773,2000860908,126931,ООО ФАКТОР,4056830951,служ,120.00,2010-09-09,120.00
2300148302,619766,2000831266,126580,ООО ЭЛИТ-СТРОЙ,5025658766,Экономист,190.00,2004-11-19,240.00
2300148302,619768,2000831266,126582,ООО ЭЛИТ-СТРОЙ,5025658766,Экономист,190.00,2004-11-19,240.00
2300152121,619673,2000851865,126544,,,,13.00,2019-08-30,54.00
2300152121,619782,2000851865,126586,,,,13.00,2019-08-30,54.00
2300152121,619830,2000851865,126610,,,,13.00,2019-08-30,54.00
2300152183,621100,2000882497,127094,ООО ЕРМОЛАЙ,4017898397,рук-ль,24.00,2018-09-01,60.00
2300152183,621108,2000882497,127099,ООО ЕРМОЛАЙ,4017898397,рук-ль,24.00,2018-09-01,60.00
2300152183,621112,2000882497,127103,ООО ЕРМОЛАЙ,4017898397,рук-ль,24.00,2018-09-01,60.00
2300152237,621591,2000882700,127328,,,,134.00,2009-07-06,181.00
2300152237,621621,2000882700,127336,ООО АГРОТРЕЙДИНГ,4406873647,Бухгалтер,134.00,2009-07-06,181.00
2300152397,621269,2000816457,127175,ООО ИНТЕГРАЦИЯ,4056830951,Специалист,20.00,2019-01-01,120.00
2300152450,619894,2000850576,126644,ООО ЭЛИТ-СТРОЙ,5025658766,Экономист,190.00,2004-11-21,240.00
2300152452,621405,2000884097,127244,ООО ПОРТАЛ,4007644963,разработчик,75.00,2014-06-05,133.00
2300152452,621417,2000884097,127251,ООО ПОРТАЛ,4007644963,разработчик,75.00,2014-06-05,133.00
2300152564,619827,2000884697,126608,ООО ЭЛИТ-СТРОЙ,5025658766,Экономист,190.00,2004-11-21,240.00
2300152564,619857,2000884697,126627,ООО ЭЛИТ-СТРОЙ,5025658766,Экономист,190.00,2004-11-21,240.00
2300152611,619337,2000884731,126407,ООО БАТИСТ,4007644963,разработчик,75.00,2014-06-05,133.00
2300152618,619746,2000884615,126569,,,Экономист,190.00,2004-11-21,240.00
2300152622,619331,2000884798,126404,ООО БАТИСТ,5283801007,Специалист,43.00,2017-02-01,128.00
2300152623,619399,2000884799,126423,ООО ПОРТАЛ,8486885261,спец,27.00,2018-06-21,50.00
2300152623,619404,2000884799,126426,ООО ПОРТАЛ,8486885261,спец,27.00,2018-06-21,50.00
2300152624,619325,2000884800,126402,ООО ФЕНИКС,4007644963,разработчик,75.00,2014-06-05,133.00
2300152625,619332,2000884801,126405,ООО ЭЛИТ-СТРОЙ,5025658766,Экономист,190.00,2004-11-21,240.00
2300152626,619341,2000884802,126408,ООО ЕРМОЛАЙ,4000228473,Менеджер,11.00,2019-10-01,60.00
2300152626,619474,2000884802,126457,ООО ОК РЕМОНТ,4000228473,Менеджер,11.00,2019-10-01,60.00
2300152626,619557,2000884802,126495,ООО ОК РЕМОНТ,4000228473,Менеджер,11.00,2019-10-01,60.00
2300152626,619561,2000884802,126500,ООО ОК РЕМОНТ,4000228473,Менеджер,11.00,2019-10-01,60.00
2300152629,619345,2000884805,126409,ООО ИНТЕГРАЦИЯ,4028628075,вывпывапыва,21.00,2018-12-12,246.00
2300152632,619347,2000884807,126410,ООО ЭЛИТ-СТРОЙ,5025658766,Экономист,190.00,2004-11-21,240.00
2300152684,619414,2000884920,126431,,,БИЗНЕС-АНАЛИТИК,20.00,2019-01-01,146.00
2300152685,619381,2000884997,126415,,,,75.00,2014-06-05,133.00
2300152685,619391,2000884997,126419,ООО ПРОГРЕСС,3405690312,разработчик,75.00,2014-06-05,133.00
2300152685,619402,2000884997,126424,ООО ПРОГРЕСС,3405690312,разработчик,75.00,2014-06-05,133.00
2300152685,619406,2000884997,126427,ООО ПРОГРЕСС,3405690312,разработчик,75.00,2014-06-05,133.00
2300152685,619411,2000884997,126429,ООО ПРОГРЕСС,3405690312,разработчик,75.00,2014-06-05,133.00
2300152686,619382,2000884998,126416,,,,75.00,2014-06-05,133.00
2300152686,619392,2000884998,126420,ООО ПРОГРЕСС,3405690312,разработчик,75.00,2014-06-05,133.00
2300152686,619403,2000884998,126425,ООО ПРОГРЕСС,3405690312,разработчик,75.00,2014-06-05,133.00
2300152686,619408,2000884998,126428,ООО ПРОГРЕСС,3405690312,разработчик,75.00,2014-06-05,133.00
2300152686,619413,2000884998,126430,ООО ПРОГРЕСС,3405690312,разработчик,75.00,2014-06-05,133.00
2300152686,621741,2000884998,127382,ООО ПРОГРЕСС,3405690312,разработчик,75.00,2014-06-05,133.00
2300152686,621745,2000884998,127383,ООО ПРОГРЕСС,3405690312,разработчик,75.00,2014-06-05,133.00
2300152687,619417,2000885097,126433,ООО БАТИСТ,5283801007,Специалист,43.00,2017-02-01,128.00
2300152687,619489,2000885097,126466,ООО ЭЛИТ-СТРОЙ,8387615401,Специалист,43.00,2017-02-01,128.00
2300152687,619525,2000885097,126480,ООО ЭЛИТ-СТРОЙ,8387615401,Специалист,43.00,2017-02-01,128.00
2300152687,619582,2000885097,126505,ООО ЭЛИТ-СТРОЙ,8387615401,Специалист,43.00,2017-02-01,128.00
2300152689,619398,2000885099,126422,ООО БАТИСТ,5283801007,Продавец,125.00,2010-04-21,249.00
2300152690,619430,2000885100,126438,,,ЗАМЕСТИТЕЛЬ ГЕНЕРАЛЬНОГО ДИРЕКТОРА,44.00,2017-01-01,182.00
2300152691,619416,2000885101,126432,ООО БАТИСТ,4007644963,разработчик,75.00,2014-06-05,133.00
2300152691,619418,2000885101,126434,ООО БАТИСТ,4007644963,разработчик,75.00,2014-06-05,133.00
2300152692,619445,2000885197,126441,,,,93.00,2012-12-12,109.00
2300152692,619449,2000885197,126443,ООО СИБТЕК,2805855829,щшыуцкгщце,93.00,2012-12-12,109.00
2300152693,619456,2000885102,126447,,,ВЕДУЩИЙ ИНЖЕНЕР,54.00,2016-03-01,182.00
2300152694,619428,2000885103,126436,ООО ЭЛИТ-СТРОЙ,4056830951,Заведующий отделом,60.00,2015-09-21,60.00
2300152694,619429,2000885103,126437,ООО ЭЛИТ-СТРОЙ,4056830951,Заведующий отделом,60.00,2015-09-21,60.00
2300152695,619442,2000885104,126439,ООО ЕРМОЛАЙ,4007644963,разработчик,75.00,2014-06-05,133.00
2300152695,619446,2000885104,126442,ООО ЕРМОЛАЙ,4007644963,разработчик,75.00,2014-06-05,133.00
2300152695,619450,2000885104,126444,ООО ЕРМОЛАЙ,4007644963,разработчик,75.00,2014-06-05,133.00
2300152695,619452,2000885104,126445,ООО ЕРМОЛАЙ,4007644963,разработчик,75.00,2014-06-05,133.00
2300152695,619455,2000885104,126446,ООО ЕРМОЛАЙ,4007644963,разработчик,75.00,2014-06-05,133.00
2300152741,619488,2000375201,126465,,,,72.00,2014-09-04,91.00
2300152741,619518,2000375201,126475,ООО ПРОТОН,4492705300,Тест,72.00,2014-09-04,91.00
2300152741,619521,2000375201,126477,ООО ПРОТОН,4492705300,Тест,72.00,2014-09-04,91.00
2300152741,619574,2000375201,126498,ООО ПРОТОН,4492705300,Тест,72.00,2014-09-04,91.00
2300152741,619646,2000375201,126535,ООО ПРОТОН,4492705300,Тест,72.00,2014-09-04,91.00
2300152742,619473,2000885140,126456,,,ВЕДУЩИЙ ИНЖЕНЕР,30.00,2018-03-01,185.00
2300152743,619460,2000885297,126448,,,,120.00,2010-09-30,169.00
2300152743,619464,2000885297,126450,ООО ФАКТОР,4056830951,hjhjh,120.00,2010-09-30,169.00
2300152743,619472,2000885297,126455,ООО ФАКТОР,4056830951,hjhjh,120.00,2010-09-30,169.00
2300152744,619463,2000885398,126449,ООО БАТИСТ,4007644963,разработчик,75.00,2014-06-05,133.00
2300152744,619468,2000885398,126452,ООО БАТИСТ,4007644963,разработчик,75.00,2014-06-05,133.00
2300152745,619471,2000885399,126454,,,,93.00,2012-12-12,110.00
2300152745,619478,2000885399,126459,ООО СИБТЕК,2805855829,reutyeriuty,93.00,2012-12-12,110.00
2300152745,619484,2000885399,126462,ООО СИБТЕК,2805855829,reutyeriuty,93.00,2012-12-12,110.00
2300152745,619494,2000885399,126467,ООО СИБТЕК,2805855829,reutyeriuty,93.00,2012-12-12,110.00
2300152745,619580,2000885399,126504,ООО СИБТЕК,2805855829,reutyeriuty,93.00,2012-12-12,110.00
2300152745,619623,2000885399,126526,ООО СИБТЕК,2805855829,reutyeriuty,93.00,2012-12-12,110.00
2300152746,619497,2000885400,126469,ООО БАТИСТ,5283801007,Специалист,43.00,2017-02-01,128.00
2300152746,619890,2000885400,126640,ООО ЭЛИТ-СТРОЙ,8387615401,Специалист,43.00,2017-02-01,128.00
2300152746,619898,2000885400,126645,ООО ЭЛИТ-СТРОЙ,8387615401,Специалист,43.00,2017-02-01,128.00
2300152746,619903,2000885400,126649,ООО ЭЛИТ-СТРОЙ,8387615401,Специалист,43.00,2017-02-01,128.00
2300152747,619467,2000885401,126451,ООО ГЛОБУС,4616599050,спец,27.00,2018-06-21,50.00
2300152748,619470,2000884807,126453,ООО ЭЛИТ-СТРОЙ,5025658766,Экономист,190.00,2004-11-21,240.00
2300152749,619516,2000885400,126473,ООО БАТИСТ,5283801007,Специалист,43.00,2017-02-01,128.00
2300152750,619477,2000027201,126458,,,Врач,19.00,2018-12-12,48.00
2300152750,619485,2000027201,126463,ООО НАЧАЛО,4022183248,Врач,19.00,2018-12-12,48.00
2300152751,619480,2000885402,126460,ООО ПРОГРЕСС,4007644963,разработчик,75.00,2014-06-05,133.00
2300152751,619487,2000885402,126464,ООО ПРОГРЕСС,4007644963,разработчик,75.00,2014-06-05,133.00
2300152752,619522,2000885497,126478,ООО ЕРМОЛАЙ,4000851343,Специалист,13.00,2019-08-01,60.00
2300152752,619526,2000885497,126481,ООО ЕРМОЛАЙ,4000851343,Специалист,13.00,2019-08-01,60.00
2300152753,619483,2000851066,126461,,,,52.00,2016-05-01,52.00
2300152754,619515,2000885498,126472,,,,180.00,2005-09-20,180.00
2300152754,619559,2000885498,126497,ООО ФАКТОР,4056830951,hjhjhj,180.00,2005-09-20,180.00
2300152754,619606,2000885498,126513,ООО ФАКТОР,4056830951,hjhjhj,180.00,2005-09-20,180.00
2300152754,619617,2000885498,126522,ООО ФАКТОР,4056830951,hjhjhj,180.00,2005-09-20,180.00
2300152755,619514,2000885499,126471,,,,60.00,2015-09-14,120.00
2300152755,619527,2000885499,126482,ООО ОК РЕМОНТ,4025982831,оппроропр,60.00,2015-09-14,120.00
2300152755,619538,2000885499,126486,ООО ОК РЕМОНТ,4025982831,оппроропр,60.00,2015-09-14,120.00
2300152755,619549,2000885499,126492,ООО ОК РЕМОНТ,4025982831,оппроропр,60.00,2015-09-14,120.00
2300152755,619575,2000885499,126499,ООО ОК РЕМОНТ,4025982831,оппроропр,60.00,2015-09-14,120.00
2300152755,619697,2000885499,126555,ООО ОК РЕМОНТ,4025982831,оппроропр,60.00,2015-09-14,120.00
2300152755,620910,2000885499,127003,ООО ОК РЕМОНТ,4025982831,оппроропр,60.00,2015-09-14,120.00
2300152755,620944,2000885499,127019,ООО ОК РЕМОНТ,4025982831,оппроропр,60.00,2015-09-14,120.00
2300152756,619495,2000885403,126468,ООО НАЧАЛО,4007644963,разработчик,75.00,2014-06-05,133.00
2300152756,619498,2000885403,126470,ООО НАЧАЛО,4007644963,разработчик,75.00,2014-06-05,133.00
2300152756,619517,2000885403,126474,ООО НАЧАЛО,4007644963,разработчик,75.00,2014-06-05,133.00
2300152756,619520,2000885403,126476,ООО НАЧАЛО,4007644963,разработчик,75.00,2014-06-05,133.00
2300152756,619524,2000885403,126479,ООО НАЧАЛО,4007644963,разработчик,75.00,2014-06-05,133.00
2300152756,619532,2000885403,126484,ООО НАЧАЛО,4007644963,разработчик,75.00,2014-06-05,133.00
2300152756,619552,2000885403,126493,ООО НАЧАЛО,4007644963,разработчик,75.00,2014-06-05,133.00
2300152807,619567,2000885422,126501,ООО ИНТЕГРАЦИЯ,4056830951,разработчик,64.00,2015-05-01,133.00
2300152809,619537,2000849966,126485,ООО АГРОТРЕЙДИНГ,4056830951,тест,58.00,2015-11-01,120.00
2300152810,619540,2000851066,126487,,,,52.00,2016-05-01,52.00
2300152811,619542,2000740104,126488,,,,61.00,2015-08-01,61.00
2300152812,619544,2000849966,126489,ООО СЕЛЬХОЗСНАБ,4028628075,Старший олух,219.00,2002-06-01,228.00
2300152812,619556,2000849966,126494,,,,219.00,2002-06-01,228.00
2300152813,619547,2000884397,126491,ООО ФАКТОР,4045568415,учитель,21.00,2018-12-21,21.00
2300152814,619576,2000885697,126502,ООО ЭЛИТ-СТРОЙ,5025658766,Экономист,190.00,2004-11-21,240.00
2300152814,620770,2000885697,126930,ООО ЭЛИТ-СТРОЙ,5025658766,Экономист,190.00,2004-11-21,240.00
2300152816,619616,2000885699,126521,ООО БАТИСТ,5283801007,Специалист,43.00,2017-02-01,128.00
2300152817,619578,2000106304,126503,ООО АГРО-АЛЬЯНС,4045197013,Ведущий разработчик,8.00,2020-01-21,180.00
2300152817,619647,2000106304,126536,ООО АГРО-АЛЬЯНС,4045197013,Ведущий разработчик,8.00,2020-01-21,180.00
2300152818,619615,2000885699,126520,ООО БАТИСТ,5283801007,Специалист,43.00,2017-02-01,128.00
2300152820,619614,2000885700,126519,ООО БАТИСТ,5283801007,Специалист,43.00,2017-02-01,128.00
2300152822,619585,2000885797,126507,,,,8.00,2020-01-09,61.00
2300152869,619601,2000849966,126510,ООО СЕЛЬХОЗСНАБ,4028628075,Старший олух,219.00,2002-06-01,228.00
2300152869,619607,2000849966,126514,,,,219.00,2002-06-01,228.00
2300152870,619605,2000885826,126512,ООО ГИГАНТ,4007644963,разработчик,75.00,2014-06-05,97.00
2300152870,619610,2000885826,126516,ООО ГИГАНТ,4007644963,разработчик,75.00,2014-06-05,97.00
2300152870,619620,2000885826,126524,ООО ГИГАНТ,4007644963,разработчик,75.00,2014-06-05,97.00
2300152870,619629,2000885826,126528,ООО ГИГАНТ,4007644963,разработчик,75.00,2014-06-05,97.00
2300152870,619634,2000885826,126530,ООО ГИГАНТ,4007644963,разработчик,75.00,2014-06-05,97.00
2300152870,619639,2000885826,126533,ООО ГИГАНТ,4007644963,разработчик,75.00,2014-06-05,97.00
2300152870,620441,2000885826,126771,ООО ГИГАНТ,4007644963,разработчик,75.00,2014-06-05,97.00
2300152871,619604,2000885720,126511,ООО СИБТЕК,4007644963,разработчик,75.00,2014-06-05,97.00
2300152871,619611,2000885720,126517,ООО СИБТЕК,4007644963,разработчик,75.00,2014-06-05,97.00
2300152872,619621,2000885897,126525,ООО ПОРТАЛ,4007644963,разработчик,75.00,2014-06-05,133.00
2300152872,619630,2000885897,126529,ООО ПОРТАЛ,4007644963,разработчик,75.00,2014-06-05,133.00
2300152872,619637,2000885897,126532,ООО ПОРТАЛ,4007644963,разработчик,75.00,2014-06-05,133.00
2300152872,619644,2000885897,126534,ООО ПОРТАЛ,4007644963,разработчик,75.00,2014-06-05,133.00
2300152872,619650,2000885897,126537,ООО ПОРТАЛ,4007644963,разработчик,75.00,2014-06-05,133.00
2300152872,619654,2000885897,126538,ООО ПОРТАЛ,4007644963,разработчик,75.00,2014-06-05,133.00
2300152872,619663,2000885897,126540,ООО ПОРТАЛ,4007644963,разработчик,75.00,2014-06-05,133.00
2300152873,619636,2000021002,126531,ООО ГИГАНТ,4022183248,Руководитель,57.00,2015-12-12,400.00
2300152874,619675,2000885997,126546,ООО АГРОТРЕЙДИНГ,1486164553,Специалист,43.00,2017-02-01,128.00
2300152875,619691,2000885999,126551,ООО ЕРМОЛАЙ,4000851343,Специалист,13.00,2019-08-01,60.00
2300152875,619693,2000885999,126553,ООО ЕРМОЛАЙ,4000851343,Специалист,13.00,2019-08-01,60.00
2300152876,619707,2000886000,126560,,,ВЕДУЩИЙ ИНЖЕНЕР,40.00,2017-05-01,149.00
2300152876,619748,2000886000,126570,ООО ПРОГРЕСС,4056831274,ВЕДУЩИЙ ИНЖЕНЕР,40.00,2017-05-01,149.00
2300152876,619783,2000886000,126587,ООО ПРОГРЕСС,4056831274,ВЕДУЩИЙ ИНЖЕНЕР,40.00,2017-05-01,149.00
2300152876,619786,2000886000,126589,ООО ПРОГРЕСС,4056831274,ВЕДУЩИЙ ИНЖЕНЕР,40.00,2017-05-01,149.00
2300152877,619674,2000886001,126545,ООО ОК РЕМОНТ,4007644963,разработчик,75.00,2014-06-05,133.00
2300152877,619678,2000886001,126548,ООО ОК РЕМОНТ,4007644963,разработчик,75.00,2014-06-05,133.00
2300152877,619690,2000886001,126550,ООО ОК РЕМОНТ,4007644963,разработчик,75.00,2014-06-05,133.00
2300152877,619695,2000886001,126554,ООО ОК РЕМОНТ,4007644963,разработчик,75.00,2014-06-05,133.00
2300152877,619703,2000886001,126557,ООО ОК РЕМОНТ,4007644963,разработчик,75.00,2014-06-05,133.00
2300152877,619714,2000886001,126562,ООО ОК РЕМОНТ,4007644963,разработчик,75.00,2014-06-05,133.00
2300152877,619736,2000886001,126566,ООО ОК РЕМОНТ,4007644963,разработчик,75.00,2014-06-05,133.00
2300152923,619705,2000886129,126558,ООО ЭЛИТ-СТРОЙ,5025658766,Экономист,190.00,2004-11-21,240.00
2300152923,619791,2000886129,126593,ООО ЭЛИТ-СТРОЙ,5025658766,Экономист,190.00,2004-11-21,240.00
2300152923,619862,2000886129,126630,ООО ЭЛИТ-СТРОЙ,5025658766,Экономист,190.00,2004-11-21,240.00
2300152923,619865,2000886129,126632,ООО ЭЛИТ-СТРОЙ,5025658766,Экономист,190.00,2004-11-21,240.00
2300152923,619868,2000886129,126634,ООО ЭЛИТ-СТРОЙ,5025658766,Экономист,190.00,2004-11-21,240.00
2300152925,619741,2000886197,126567,ООО ЕРМОЛАЙ,4000851343,Специалист,13.00,2019-08-01,60.00
2300152925,619744,2000886197,126568,ООО ЕРМОЛАЙ,4000851343,Специалист,13.00,2019-08-01,60.00
2300152926,619763,2000813063,126577,ООО БАТИСТ,4056830951,Специалист,43.00,2017-02-01,128.00
2300152927,619764,2000886297,126578,ООО ПРОТОН,9128853653,Менеджер,20.00,2019-01-01,120.00
2300152927,619893,2000886297,126643,ООО ПРОТОН,9128853653,Менеджер,20.00,2019-01-01,120.00
2300152927,619968,2000886297,126672,ООО ПРОТОН,9128853653,Менеджер,20.00,2019-01-01,120.00
2300152927,619969,2000886297,126673,ООО ПРОТОН,9128853653,Менеджер,20.00,2019-01-01,120.00
2300152928,619750,2000021002,126571,ООО ГИГАНТ,4022183248,Руководитель,57.00,2015-12-12,400.00
2300152929,619752,2000851066,126572,,,,65.00,2015-04-01,65.00
2300152930,619756,2000886198,126573,,,,65.00,2015-04-01,65.00
2300152931,619758,2000849967,126574,,,,65.00,2015-04-01,65.00
2300152932,619760,2000886199,126575,ООО ПРОГРЕСС,4056831274,Специалист,60.00,2015-09-21,60.00
2300152932,619762,2000886199,126576,ООО ПРОГРЕСС,4056831274,Специалист,60.00,2015-09-21,60.00
2300152932,619781,2000886199,126585,ООО ПРОГРЕСС,4056831274,Специалист,60.00,2015-09-21,60.00
2300152933,619765,2000886200,126579,ООО ЕРМОЛАЙ,4000851343,Специалист,13.00,2019-08-01,60.00
2300152933,619767,2000886200,126581,ООО ЕРМОЛАЙ,4000851343,Специалист,13.00,2019-08-01,60.00
2300152933,619779,2000886200,126583,ООО ЕРМОЛАЙ,4000851343,Специалист,13.00,2019-08-01,60.00
2300152933,619780,2000886200,126584,ООО ЕРМОЛАЙ,4000851343,Специалист,13.00,2019-08-01,60.00
2300152979,619794,2000886397,126595,,,,120.00,2010-09-09,120.00
2300152979,619797,2000886397,126597,ООО ФАКТОР,4056830951,служ,120.00,2010-09-09,120.00
2300152979,619800,2000886397,126600,ООО ФАКТОР,4056830951,служ,120.00,2010-09-09,120.00
2300152979,619840,2000886397,126616,ООО ФАКТОР,4056830951,служ,120.00,2010-09-09,120.00
2300152979,619847,2000886397,126620,ООО ФАКТОР,4056830951,служ,120.00,2010-09-09,120.00
2300152980,619793,2000886398,126594,ООО ФАКТОР,4045568415,учитель,21.00,2018-12-21,21.00
2300152981,619798,2000886399,126598,,,,75.00,2014-06-05,133.00
2300152981,619799,2000886399,126599,ООО СИБТЕК,4007644963,разработчик,75.00,2014-06-05,133.00
2300152981,619801,2000886399,126601,ООО СИБТЕК,4007644963,разработчик,75.00,2014-06-05,133.00
2300152981,619804,2000886399,126602,ООО СИБТЕК,4007644963,разработчик,75.00,2014-06-05,133.00
2300152981,619816,2000886399,126603,ООО СИБТЕК,4007644963,разработчик,75.00,2014-06-05,133.00
2300152981,619819,2000886399,126605,ООО СИБТЕК,4007644963,разработчик,75.00,2014-06-05,133.00
2300152982,619817,2000886400,126604,,,,119.00,2010-10-11,119.00
2300152982,619824,2000886400,126606,ООО ФАКТОР,4056830951,служ,119.00,2010-10-11,119.00
2300152982,619828,2000886400,126609,ООО ФАКТОР,4056830951,служ,119.00,2010-10-11,119.00
2300152982,619835,2000886400,126612,ООО ФАКТОР,4056830951,служ,119.00,2010-10-11,119.00
2300152982,619845,2000886400,126619,ООО ФАКТОР,4056830951,служ,119.00,2010-10-11,119.00
2300153028,619826,2000886521,126607,,,,0.00,,0.00
2300153028,619833,2000886521,126611,,,,0.00,,0.00
2300153028,619836,2000886521,126613,,,,0.00,,0.00
2300153029,619837,2000886597,126614,,,,75.00,2014-06-05,133.00
2300153029,619842,2000886597,126617,ООО ПРОГРЕСС,3405690312,разработчик,75.00,2014-06-05,133.00
2300153029,619850,2000886597,126622,ООО ПРОГРЕСС,3405690312,разработчик,75.00,2014-06-05,133.00
2300153029,619854,2000886597,126625,ООО ПРОГРЕСС,3405690312,разработчик,75.00,2014-06-05,133.00
2300153029,619859,2000886597,126628,ООО ПРОГРЕСС,3405690312,разработчик,75.00,2014-06-05,133.00
2300153030,619838,2000886598,126615,,,,75.00,2014-06-05,133.00
2300153030,619843,2000886598,126618,ООО ПРОГРЕСС,3405690312,разработчик,75.00,2014-06-05,133.00
2300153030,619851,2000886598,126623,ООО ПРОГРЕСС,3405690312,разработчик,75.00,2014-06-05,133.00
2300153030,619856,2000886598,126626,ООО ПРОГРЕСС,3405690312,разработчик,75.00,2014-06-05,133.00
2300153030,619861,2000886598,126629,ООО ПРОГРЕСС,3405690312,разработчик,75.00,2014-06-05,133.00
2300153031,619869,2000851766,126635,,,,0.00,2020-09-01,0.00
2300153032,619849,2000851865,126621,ООО ФАКТОР,4001351081,Спец,52.00,2016-05-21,52.00
2300153032,619852,2000851865,126624,ООО ФАКТОР,4001351081,Спец,52.00,2016-05-21,52.00
2300153033,619864,2000886697,126631,ООО ЭЛИТ-СТРОЙ,5025658766,Экономист,190.00,2004-11-21,240.00
2300153033,619889,2000886697,126639,ООО ЭЛИТ-СТРОЙ,5025658766,Экономист,190.00,2004-11-21,240.00
2300153033,619907,2000886697,126652,ООО ЭЛИТ-СТРОЙ,5025658766,Экономист,190.00,2004-11-21,240.00
2300153033,619908,2000886697,126653,ООО ЭЛИТ-СТРОЙ,5025658766,Экономист,190.00,2004-11-21,240.00
2300153034,619867,2000886699,126633,ООО ИНТЕГРАЦИЯ,4056830951,Специалист,20.00,2019-01-01,120.00
2300153034,620365,2000886699,126734,ООО ИНТЕГРАЦИЯ,4056830951,Специалист,20.00,2019-01-01,120.00
2300153035,619872,2000886700,126636,ООО ЭЛИТ-СТРОЙ,5025658766,Экономист,190.00,2004-11-21,240.00
2300153035,619891,2000886700,126641,ООО ЭЛИТ-СТРОЙ,5025658766,Экономист,190.00,2004-11-21,240.00
2300153036,619874,2000886701,126637,ООО ЭЛИТ-СТРОЙ,5025658766,Экономист,190.00,2004-11-21,240.00
2300153036,619902,2000886701,126648,ООО ЭЛИТ-СТРОЙ,5025658766,Экономист,190.00,2004-11-21,240.00
2300153082,619892,2000886729,126642,,,,61.00,2015-08-13,129.00
2300153082,619901,2000886729,126647,ООО ПРОГРЕСС,4056831274,менеджер,61.00,2015-08-13,129.00
2300153083,619888,2000106304,126638,ООО АГРО-АЛЬЯНС,4045197013,Ведущий разработчик,8.00,2020-01-21,180.00
2300153085,619905,2000886798,126650,ООО АГРОТРЕЙДИНГ,1486164553,Специалист,43.00,2017-02-01,128.00
2300153085,619918,2000886798,126655,ООО ФЕНИКС,8451839241,Специалист,43.00,2017-02-01,128.00
2300153085,619922,2000886798,126656,ООО ФЕНИКС,8451839241,Специалист,43.00,2017-02-01,128.00
2300153086,619906,2000886799,126651,ООО БАТИСТ,5283801007,Специалист,43.00,2017-02-01,128.00
2300153087,619900,2000850576,126646,ООО ЭЛИТ-СТРОЙ,5025658766,Экономист,190.00,2004-11-21,240.00
2300153087,619934,2000850576,126664,ООО ЭЛИТ-СТРОЙ,5025658766,Экономист,190.00,2004-11-21,240.00
2300153088,619909,2000886800,126654,ООО ПОРТАЛ,4017898397,рук-ль,24.00,2018-09-01,60.00
2300153134,619926,2000886897,126659,,,,75.00,2014-06-05,133.00
2300153134,619932,2000886897,126662,ООО ФАКТОР,3405690312,разработчик,75.00,2014-06-05,133.00
2300153134,619946,2000886897,126665,ООО ФАКТОР,3405690312,разработчик,75.00,2014-06-05,133.00
2300153134,619947,2000886897,126666,ООО ФАКТОР,3405690312,разработчик,75.00,2014-06-05,133.00
2300153135,619924,2000886997,126657,ООО СИБТЕК,8712379499,уамцумау,26.00,2018-07-21,52.00
2300153136,619928,2000849966,126660,ООО СЕЛЬХОЗСНАБ,4028628075,Старший олух,219.00,2002-06-01,228.00
2300153136,619952,2000849966,126670,,,,219.00,2002-06-01,228.00
2300153137,619930,2000849966,126661,ООО СЕЛЬХОЗСНАБ,4028628075,Старший олух,219.00,2002-06-01,228.00
2300153137,619933,2000849966,126663,,,,219.00,2002-06-01,228.00
2300153138,619948,2000886998,126667,ООО СЕЛЬХОЗСНАБ,4118670875,Менеджер,11.00,2019-10-01,120.00
2300153138,619953,2000886998,126671,ООО ПРОТОН,4118670875,Менеджер,11.00,2019-10-01,120.00
2300153184,619950,2000813856,126668,ООО АГРО-АЛЬЯНС,4028628075,Исполняющий обязанности руководителя,50.00,2016-07-01,258.00
2300153184,619951,2000813856,126669,,,,50.00,2016-07-01,258.00
2300153185,619973,2000887197,126675,ООО СЕЛЬХОЗСНАБ,4028628075,Старший олух,219.00,2002-06-01,228.00
2300153186,619975,2000887197,126677,ООО СЕЛЬХОЗСНАБ,4028628075,Старший олух,63.00,2015-06-01,180.00
2300153186,619982,2000887197,126681,ООО СЕЛЬХОЗСНАБ,4028628075,Старший олух,63.00,2015-06-01,180.00
2300153186,619988,2000887197,126685,ООО СЕЛЬХОЗСНАБ,4028628075,Старший олух,63.00,2015-06-01,180.00
2300153186,619991,2000887197,126687,ООО СЕЛЬХОЗСНАБ,4028628075,Старший олух,63.00,2015-06-01,180.00
2300153232,619985,2000887397,126683,,,,79.00,2014-02-02,101.00
2300153232,619999,2000887397,126689,ООО СИБТЕК,9124826481,Старший,79.00,2014-02-02,101.00
2300153233,619972,2000813856,126674,ООО АГРО-АЛЬЯНС,4028628075,Исполняющий обязанности руководителя,50.00,2016-07-01,258.00
2300153233,619974,2000813856,126676,,,,50.00,2016-07-01,258.00
2300153234,619980,2000887497,126679,,,,75.00,2014-06-05,133.00
2300153234,619981,2000887497,126680,ООО ФЕНИКС,4007644963,разработчик,75.00,2014-06-05,133.00
2300153234,619983,2000887497,126682,ООО ФЕНИКС,4007644963,разработчик,75.00,2014-06-05,133.00
2300153234,619987,2000887497,126684,ООО ФЕНИКС,4007644963,разработчик,75.00,2014-06-05,133.00
2300153234,619990,2000887497,126686,ООО ФЕНИКС,4007644963,разработчик,75.00,2014-06-05,133.00
2300153234,619994,2000887497,126688,ООО ФЕНИКС,4007644963,разработчик,75.00,2014-06-05,133.00
2300153235,620010,2000887498,126690,ООО ПОРТАЛ,4017898397,рук,24.00,2018-09-01,60.00
2300153236,620013,2000887499,126691,ООО СЕЛЬХОЗСНАБ,4028628075,Старший олух,63.00,2015-06-01,180.00
2300153236,620014,2000887499,126692,ООО СЕЛЬХОЗСНАБ,4028628075,Старший олух,63.00,2015-06-01,180.00
2300153236,620015,2000887499,126693,ООО СЕЛЬХОЗСНАБ,4028628075,Старший олух,63.00,2015-06-01,180.00
2300153236,620017,2000887499,126695,ООО СЕЛЬХОЗСНАБ,4028628075,Старший олух,63.00,2015-06-01,180.00
2300153237,620016,2000887500,126694,ООО АГРО-АЛЬЯНС,4028628075,Исполняющий обязанности руководителя,50.00,2016-07-01,258.00
2300153237,620019,2000887500,126697,ООО АГРО-АЛЬЯНС,4028628075,Исполняющий обязанности руководителя,50.00,2016-07-01,258.00
2300153237,620020,2000887500,126698,ООО АГРО-АЛЬЯНС,4028628075,Исполняющий обязанности руководителя,50.00,2016-07-01,258.00
2300153237,620021,2000887500,126699,ООО АГРО-АЛЬЯНС,4028628075,Исполняющий обязанности руководителя,50.00,2016-07-01,258.00
2300153283,620018,2000887618,126696,ООО АГРО-АЛЬЯНС,4028628075,Исполняющий обязанности руководителя,50.00,2016-07-01,258.00
2300153283,620026,2000887618,126702,ООО АГРО-АЛЬЯНС,4028628075,Исполняющий обязанности руководителя,50.00,2016-07-01,258.00
2300153284,620024,2000887697,126700,,,,75.00,2014-06-05,133.00
2300153284,620025,2000887697,126701,ООО ФАКТОР,3405690312,разработчик,75.00,2014-06-05,133.00
2300153285,620040,2000887698,126704,ООО АГРО-АЛЬЯНС,4028628075,Исполняющий обязанности руководителя,50.00,2016-07-01,258.00
2300153285,620699,2000887698,126895,ООО АГРО-АЛЬЯНС,4028628075,Исполняющий обязанности руководителя,50.00,2016-07-01,258.00
2300153331,620044,2000887815,126708,ООО ЕРМОЛАЙ,4000851343,Специалист,13.00,2019-08-01,60.00
2300153331,620045,2000887815,126709,ООО ЕРМОЛАЙ,4000851343,Специалист,13.00,2019-08-01,60.00
2300153332,620039,2000887897,126703,,,,75.00,2014-06-05,133.00
2300153332,620041,2000887897,126705,ООО ФАКТОР,3405690312,разработчик,75.00,2014-06-05,133.00
2300153332,620042,2000887897,126706,ООО ФАКТОР,3405690312,разработчик,75.00,2014-06-05,133.00
2300153332,620043,2000887897,126707,ООО ФАКТОР,3405690312,разработчик,75.00,2014-06-05,133.00
2300154277,620274,2000892497,126714,,,,76.00,2014-02-02,101.00
2300154277,620275,2000892497,126716,ООО ПРОГРЕСС,4056830951,Банкир,76.00,2014-02-02,101.00
2300154277,620286,2000892497,126718,ООО ПРОГРЕСС,4056830951,Банкир,76.00,2014-02-02,101.00
2300154278,620273,2000892498,126715,,,,76.00,2014-02-02,101.00
2300154278,620276,2000892498,126717,ООО ПРОГРЕСС,4056830951,Банкир,76.00,2014-02-02,101.00
2300154278,620287,2000892498,126719,ООО ПРОГРЕСС,4056830951,Банкир,76.00,2014-02-02,101.00
2300154278,620288,2000892498,126720,ООО ПРОГРЕСС,4056830951,Банкир,76.00,2014-02-02,101.00
2300154461,620345,2000893323,126727,ООО НАЧАЛО,4881320114,Старший ревизорро,39.00,2017-06-01,60.00
2300154462,620348,2000893323,126729,ООО НАЧАЛО,4881320114,Старший ревизорро,39.00,2017-06-01,60.00
2300154462,620369,2000893323,126735,ООО НАЧАЛО,4881320114,Старший ревизорро,39.00,2017-06-01,60.00
2300154462,620425,2000893323,126763,ООО НАЧАЛО,4881320114,Старший ревизорро,39.00,2017-06-01,60.00
2300154462,620442,2000893323,126772,ООО НАЧАЛО,4881320114,Старший ревизорро,39.00,2017-06-01,60.00
2300154463,620363,2000893324,126733,ООО ПОРТАЛ,4017898397,рук-ль,24.00,2018-09-01,60.00
2300154463,621111,2000893324,127102,ООО ПОРТАЛ,4017898397,рук-ль,24.00,2018-09-01,60.00
2300154463,621138,2000893324,127114,ООО ПОРТАЛ,4017898397,рук-ль,24.00,2018-09-01,60.00
2300154463,621143,2000893324,127118,ООО ПОРТАЛ,4017898397,рук-ль,24.00,2018-09-01,60.00
2300154509,620387,2000893430,126743,,,,52.00,2016-05-01,233.00
2300154509,620392,2000893430,126745,ООО ПРОГРЕСС,4056831274,о,52.00,2016-05-01,233.00
2300154510,620371,2000893431,126737,ООО СЕЛЬХОЗСНАБ,4028628075,Старший олух,63.00,2015-06-01,180.00
2300154510,620479,2000893431,126789,ООО СЕЛЬХОЗСНАБ,4028628075,Старший олух,63.00,2015-06-01,180.00
2300154511,620384,2000893597,126740,ООО ЕРМОЛАЙ,4000851343,Специалист,13.00,2019-08-01,60.00
2300154511,620386,2000893597,126742,ООО ЕРМОЛАЙ,4000851343,Специалист,13.00,2019-08-01,60.00
2300154512,620385,2000893697,126741,,,СТАРШИЙ ПРЕПОДАВАТЕЛЬ,120.00,2010-09-01,326.00
2300154558,620396,2000893997,126747,,,,60.00,2015-09-07,120.00
2300154558,620401,2000893997,126750,ООО ОК РЕМОНТ,4025982831,рпор,60.00,2015-09-07,120.00
2300154559,620423,2000893998,126761,,,УБОРЩИК,7.00,2020-02-01,362.00
2300154560,620424,2000893999,126762,ООО ЕРМОЛАЙ,4000851343,Специалист,13.00,2019-08-01,60.00
2300154560,620427,2000893999,126764,ООО ЕРМОЛАЙ,4000851343,Специалист,13.00,2019-08-01,60.00
2300154561,620400,2000893904,126749,,,,75.00,2014-06-05,133.00
2300154561,620402,2000893904,126751,ООО ПРОГРЕСС,4007644963,разработчик,75.00,2014-06-05,133.00
2300154561,620404,2000893904,126752,ООО ПРОГРЕСС,4007644963,разработчик,75.00,2014-06-05,133.00
2300154561,620409,2000893904,126755,ООО ПРОГРЕСС,4007644963,разработчик,75.00,2014-06-05,133.00
2300154561,620412,2000893904,126757,ООО ПРОГРЕСС,4007644963,разработчик,75.00,2014-06-05,133.00
2300154561,620418,2000893904,126759,ООО ПРОГРЕСС,4007644963,разработчик,75.00,2014-06-05,133.00
2300154562,620399,2000894000,126748,ООО ЭЛИТ-СТРОЙ,5025658766,Экономист,190.00,2004-11-22,240.00
2300154562,620585,2000894000,126833,ООО ЭЛИТ-СТРОЙ,5025658766,Экономист,190.00,2004-11-22,240.00
2300154562,620688,2000894000,126887,ООО ЭЛИТ-СТРОЙ,5025658766,Экономист,190.00,2004-11-22,240.00
2300154562,620692,2000894000,126891,ООО ЭЛИТ-СТРОЙ,5025658766,Экономист,190.00,2004-11-22,240.00
2300154563,620457,2000894001,126775,ООО ИНТЕГРАЦИЯ,4056830951,разработчик,64.00,2015-05-01,133.00
2300154565,620464,2000894002,126780,ООО ПРОТОН,3405690312,разработчик,64.00,2015-05-01,133.00
2300154566,620422,2000894003,126760,,,,61.00,2015-08-01,127.00
2300154566,620430,2000894003,126766,ООО ФАКТОР,3405690312,разработчик,61.00,2015-08-01,127.00
2300154566,620435,2000894003,126767,ООО ФАКТОР,3405690312,разработчик,61.00,2015-08-01,127.00
2300154566,620445,2000894003,126773,ООО ФАКТОР,3405690312,разработчик,61.00,2015-08-01,127.00
2300154566,620458,2000894003,126776,ООО ФАКТОР,3405690312,разработчик,61.00,2015-08-01,127.00
2300154567,620429,2000849967,126765,,,,65.00,2015-04-01,65.00
2300154568,620437,2000147201,126769,,,,60.00,2015-09-15,120.00
2300154568,620462,2000147201,126778,ООО ОК РЕМОНТ,4025982831,парап,60.00,2015-09-15,120.00
2300154568,620463,2000147201,126779,ООО ОК РЕМОНТ,4025982831,парап,60.00,2015-09-15,120.00
2300154568,620472,2000147201,126784,ООО ОК РЕМОНТ,4025982831,парап,60.00,2015-09-15,120.00
2300154568,620477,2000147201,126788,ООО ОК РЕМОНТ,4025982831,парап,60.00,2015-09-15,120.00
2300154568,620542,2000147201,126817,ООО ОК РЕМОНТ,4025982831,парап,60.00,2015-09-15,120.00
2300154569,620473,2000894097,126785,,,ГЕНЕРАЛЬНЫЙ ДИРЕКТОР,31.00,2018-02-01,365.00
2300154569,621024,2000894097,127055,ООО ПРОГРЕСС,4056831274,ГЕНЕРАЛЬНЫЙ ДИРЕКТОР,31.00,2018-02-01,365.00
2300154569,621347,2000894097,127215,ООО ПРОГРЕСС,4056831274,ГЕНЕРАЛЬНЫЙ ДИРЕКТОР,31.00,2018-02-01,365.00
2300154569,621351,2000894097,127218,ООО ПРОГРЕСС,4056831274,ГЕНЕРАЛЬНЫЙ ДИРЕКТОР,31.00,2018-02-01,365.00
2300154570,620436,2000894098,126768,ООО ПРОТОН,3405690312,разработчик,64.00,2015-05-01,133.00
2300154572,620447,2000894099,126774,ООО ПРОТОН,3405690312,разработчик,64.00,2015-05-01,133.00
2300154619,620461,2000851166,126777,,,,65.00,2015-04-01,65.00
2300154620,620468,2000894315,126781,,,,75.00,2014-06-05,133.00
2300154620,620474,2000894315,126786,ООО ПРОГРЕСС,3405690312,разработчик,75.00,2014-06-05,133.00
2300154621,620469,2000894316,126782,,,,75.00,2014-06-05,133.00
2300154621,620475,2000894316,126787,ООО ПРОГРЕСС,3405690312,разработчик,75.00,2014-06-05,133.00
2300154622,620470,2000894317,126783,ООО ПРОТОН,3405690312,разработчик,64.00,2015-05-01,133.00
2300154623,620481,2000894397,126790,,,,75.00,2014-06-05,133.00
2300154623,620485,2000894397,126792,ООО СИБТЕК,4007644963,разработчик,75.00,2014-06-05,133.00
2300154623,620489,2000894397,126794,ООО СИБТЕК,4007644963,разработчик,75.00,2014-06-05,133.00
2300154623,620493,2000894397,126795,ООО СИБТЕК,4007644963,разработчик,75.00,2014-06-05,133.00
2300154623,620497,2000894397,126798,ООО СИБТЕК,4007644963,разработчик,75.00,2014-06-05,133.00
2300154623,620503,2000894397,126801,ООО СИБТЕК,4007644963,разработчик,75.00,2014-06-05,133.00
2300154625,620483,2000813856,126791,ООО БАТИСТ,4056830951,Специалист,43.00,2017-02-01,128.00
2300154625,620759,2000813856,126922,ООО БАТИСТ,4056830951,Специалист,43.00,2017-02-01,128.00
2300154626,620522,2000394101,126811,ООО ХАДАР,4017898397,спец,24.00,2018-09-01,60.00
2300154626,620527,2000394101,126814,ООО ХАДАР,4017898397,спец,24.00,2018-09-01,60.00
2300154627,620487,2000886398,126793,ООО ФАКТОР,4045568415,учитель,21.00,2018-12-22,21.00
2300154629,620494,2000894399,126796,,,,75.00,2014-06-05,133.00
2300154629,620500,2000894399,126800,ООО ПРОГРЕСС,3405690312,разработчик,75.00,2014-06-05,133.00
2300154629,620513,2000894399,126806,ООО ПРОГРЕСС,3405690312,разработчик,75.00,2014-06-05,133.00
2300154629,620521,2000894399,126810,ООО ПРОГРЕСС,3405690312,разработчик,75.00,2014-06-05,133.00
2300154629,620524,2000894399,126812,ООО ПРОГРЕСС,3405690312,разработчик,75.00,2014-06-05,133.00
2300154629,620557,2000894399,126821,ООО ПРОГРЕСС,3405690312,разработчик,75.00,2014-06-05,133.00
2300154630,620495,2000894320,126797,,,,75.00,2014-06-05,133.00
2300154630,620499,2000894320,126799,ООО ПРОГРЕСС,3405690312,разработчик,75.00,2014-06-05,133.00
2300154630,620512,2000894320,126805,ООО ПРОГРЕСС,3405690312,разработчик,75.00,2014-06-05,133.00
2300154630,620517,2000894320,126808,ООО ПРОГРЕСС,3405690312,разработчик,75.00,2014-06-05,133.00
2300154630,620526,2000894320,126813,ООО ПРОГРЕСС,3405690312,разработчик,75.00,2014-06-05,133.00
2300154630,620551,2000894320,126819,ООО ПРОГРЕСС,3405690312,разработчик,75.00,2014-06-05,133.00
2300154631,620537,2000894401,126815,ООО АГРО-АЛЬЯНС,9283873499,Продавец,21.00,2018-12-01,
2300154632,620511,2000894402,126804,ООО ФАКТОР,4045568415,учитель,21.00,2018-12-22,21.00
2300154632,621105,2000894402,127096,ООО ФАКТОР,4045568415,учитель,21.00,2018-12-22,21.00
2300154633,620563,2000894497,126823,,,АССИСТЕНТ ПО МАРКЕТИНГУ,31.00,2018-02-01,185.00
2300154679,620540,2000894710,126816,ООО ЭЛИТ-СТРОЙ,5025658766,Экономист,190.00,2004-11-22,240.00
2300154680,620572,2000894597,126828,,,,239.00,2000-10-10,239.00
2300154680,620581,2000894597,126831,ООО ПРОГРЕСС,4056830951,123,239.00,2000-10-10,239.00
2300154680,620584,2000894597,126832,ООО ПРОГРЕСС,4056830951,123,239.00,2000-10-10,239.00
2300154681,620554,2000894712,126820,ООО ХАДАР,4007644963,разработчик,75.00,2014-06-05,133.00
2300154681,620562,2000894712,126822,ООО ХАДАР,4007644963,разработчик,75.00,2014-06-05,133.00
2300154681,620565,2000894712,126824,ООО ХАДАР,4007644963,разработчик,75.00,2014-06-05,133.00
2300154681,620571,2000894712,126827,ООО ХАДАР,4007644963,разработчик,75.00,2014-06-05,133.00
2300154681,620574,2000894712,126829,ООО ХАДАР,4007644963,разработчик,75.00,2014-06-05,133.00
2300154681,620577,2000894712,126830,ООО ХАДАР,4007644963,разработчик,75.00,2014-06-05,133.00
2300154681,620588,2000894712,126834,ООО ХАДАР,4007644963,разработчик,75.00,2014-06-05,133.00
2300154682,620549,2000106304,126818,ООО АГРО-АЛЬЯНС,4045197013,Ведущий разработчик,8.00,2020-01-22,180.00
2300154683,620625,2000894713,126857,ООО ПОРТАЛ,4008932007,спец,27.00,2018-06-22,85.00
2300154683,620634,2000894713,126861,ООО ПОРТАЛ,4008932007,спец,27.00,2018-06-22,85.00
2300154684,620567,2000851166,126825,,,,65.00,2015-04-01,65.00
2300154685,620569,2000106304,126826,ООО АГРО-АЛЬЯНС,4045197013,Ведущий разработчик,8.00,2020-01-22,180.00
2300154686,620623,2000894717,126855,ООО СЕЛЬХОЗСНАБ,4000851343,разработчик,64.00,2015-05-01,133.00
2300154687,620621,2000894715,126853,,,,16.00,2019-05-04,135.00
2300154687,620655,2000894715,126866,ООО ОК РЕМОНТ,4000228473,Специалист,16.00,2019-05-04,135.00
2300154688,620598,2000894716,126838,,,,0.00,,0.00
2300154688,620604,2000894716,126842,,,,0.00,,0.00
2300154688,620616,2000894716,126848,,,,0.00,,0.00
2300154689,620653,2000894797,126865,ООО СЕЛЬХОЗСНАБ,4000851343,разработчик,64.00,2015-05-01,133.00
2300154690,620602,2000894799,126840,,,,75.00,2014-06-05,133.00
2300154690,620609,2000894799,126845,ООО ПРОГРЕСС,3405690312,разработчик,75.00,2014-06-05,133.00
2300154690,620620,2000894799,126852,ООО ПРОГРЕСС,3405690312,разработчик,75.00,2014-06-05,133.00
2300154690,620628,2000894799,126858,ООО ПРОГРЕСС,3405690312,разработчик,75.00,2014-06-05,133.00
2300154690,620647,2000894799,126863,ООО ПРОГРЕСС,3405690312,разработчик,75.00,2014-06-05,133.00
2300154690,620666,2000894799,126874,ООО ПРОГРЕСС,3405690312,разработчик,75.00,2014-06-05,133.00
2300154691,620603,2000894800,126841,,,,75.00,2014-06-05,133.00
2300154691,620608,2000894800,126844,ООО ПРОГРЕСС,3405690312,разработчик,75.00,2014-06-05,133.00
2300154692,620662,2000894897,126872,ООО СЕЛЬХОЗСНАБ,4000851343,разработчик,64.00,2015-05-01,133.00
2300154693,620645,2000894997,126862,ООО ПРОТОН,3405690312,разработчик,64.00,2015-05-01,133.00
2300154694,620632,2000884516,126859,ООО ЭЛИТ-СТРОЙ,5025658766,,190.00,2004-11-22,240.00
2300154695,620633,2000894998,126860,ООО ФАКТОР,4045568415,учитель,21.00,2018-12-22,21.00
2300154741,620657,2000895121,126867,ООО ФЕНИКС,4007644963,разработчик,75.00,2014-06-05,97.00
2300154741,620660,2000895121,126870,ООО ФЕНИКС,4007644963,разработчик,75.00,2014-06-05,97.00
2300154741,620670,2000895121,126876,ООО ФЕНИКС,4007644963,разработчик,75.00,2014-06-05,97.00
2300154741,620676,2000895121,126879,ООО ФЕНИКС,4007644963,разработчик,75.00,2014-06-05,97.00
2300154741,620685,2000895121,126885,ООО ФЕНИКС,4007644963,разработчик,75.00,2014-06-05,97.00
2300154741,621450,2000895121,127264,ООО ФЕНИКС,4007644963,разработчик,75.00,2014-06-05,97.00
2300154742,620664,2000884516,126873,ООО ЭЛИТ-СТРОЙ,5025658766,,190.00,2004-11-22,240.00
2300154744,620696,2000895122,126892,,,,0.00,,0.00
2300154744,620702,2000895122,126897,,,,0.00,,0.00
2300154745,620724,2000887698,126905,ООО АГРО-АЛЬЯНС,4028628075,Исполняющий обязанности руководителя,50.00,2016-07-01,258.00
2300154746,620729,2000895197,126910,ООО ПРОТОН,3405690312,разработчик,64.00,2015-05-01,133.00
2300154747,620701,2000852596,126896,ООО ФАКТОР,4001351081,Спец,26.00,2018-07-22,26.00
2300154747,620706,2000852596,126899,ООО ФАКТОР,4001351081,Спец,26.00,2018-07-22,26.00
2300154749,620752,2000895198,126918,,,АДМИНИСТРАТИВНЫЙ ПОМОЩНИК,51.00,2016-06-01,222.00
2300154749,621115,2000895198,127106,ООО ПРОГРЕСС,4056831274,АДМИНИСТРАТИВНЫЙ ПОМОЩНИК,51.00,2016-06-01,222.00
2300154749,621172,2000895198,127134,ООО ПРОГРЕСС,4056831274,АДМИНИСТРАТИВНЫЙ ПОМОЩНИК,51.00,2016-06-01,222.00
2300154749,621174,2000895198,127136,ООО ПРОГРЕСС,4056831274,АДМИНИСТРАТИВНЫЙ ПОМОЩНИК,51.00,2016-06-01,222.00
2300154751,620708,2000886398,126900,ООО ФАКТОР,4045568415,учитель,21.00,2018-12-22,21.00
2300154752,620725,2000895297,126906,,,,0.00,,0.00
2300154752,620732,2000895297,126912,,,,0.00,,0.00
2300154752,620746,2000895297,126915,,,,0.00,,0.00
2300154752,620762,2000895297,126924,,,,0.00,,0.00
2300154752,620803,2000895297,126952,,,,0.00,,0.00
2300154752,620853,2000895297,126976,,,,0.00,,0.00
2300154752,621400,2000895297,127242,,,,0.00,,0.00
2300154752,621403,2000895297,127243,,,,0.00,,0.00
2300154753,620721,2000895298,126903,,,,75.00,2014-06-05,133.00
2300154753,620726,2000895298,126907,ООО ПРОГРЕСС,3405690312,разработчик,75.00,2014-06-05,133.00
2300154753,620734,2000895298,126914,ООО ПРОГРЕСС,3405690312,разработчик,75.00,2014-06-05,133.00
2300154753,620751,2000895298,126917,ООО ПРОГРЕСС,3405690312,разработчик,75.00,2014-06-05,133.00
2300154753,620756,2000895298,126920,ООО ПРОГРЕСС,3405690312,разработчик,75.00,2014-06-05,133.00
2300154753,620864,2000895298,126984,ООО ПРОГРЕСС,3405690312,разработчик,75.00,2014-06-05,133.00
2300154753,621341,2000895298,127214,ООО ПРОГРЕСС,3405690312,разработчик,75.00,2014-06-05,133.00
2300154754,620722,2000895299,126904,,,,75.00,2014-06-05,133.00
2300154754,620727,2000895299,126908,ООО ПРОГРЕСС,3405690312,разработчик,75.00,2014-06-05,133.00
2300154754,620733,2000895299,126913,ООО ПРОГРЕСС,3405690312,разработчик,75.00,2014-06-05,133.00
2300154754,620850,2000895299,126973,ООО ПРОГРЕСС,3405690312,разработчик,75.00,2014-06-05,133.00
2300154755,620764,2000895300,126925,,,ИНЖЕНЕР,99.00,2012-06-01,126.00
2300154755,620812,2000895300,126957,ООО ПРОГРЕСС,4056831274,ИНЖЕНЕР,99.00,2012-06-01,126.00
2300154755,621168,2000895300,127131,ООО ПРОГРЕСС,4056831274,ИНЖЕНЕР,99.00,2012-06-01,126.00
2300154756,620765,2000895301,126926,ООО СЕЛЬХОЗСНАБ,4028628075,Старший олух,219.00,2002-06-01,228.00
2300154756,620774,2000895301,126932,ООО СЕЛЬХОЗСНАБ,4028628075,Старший олух,219.00,2002-06-01,228.00
2300154757,620720,2000895302,126902,ООО ЭЛИТ-СТРОЙ,5025658766,Экономист,190.00,2004-11-22,240.00
2300154759,620776,2000895397,126933,,,,0.00,2020-09-01,0.00
2300154760,620780,2000895497,126936,,,ИНЖЕНЕР,63.00,2015-06-01,342.00
2300154776,620787,2000895497,126940,,,ИНЖЕНЕР,63.00,2015-06-01,342.00
2300154787,620788,2000895417,126941,ООО ПРОТОН,9128853653,Главный бухгалтер,8.00,2020-01-01,60.00
2300154787,620895,2000895417,126994,ООО ЭЛИТ-СТРОЙ,9128853653,Главный бухгалтер,8.00,2020-01-01,60.00
2300154787,620946,2000895417,127020,ООО ЭЛИТ-СТРОЙ,9128853653,Главный бухгалтер,8.00,2020-01-01,60.00
2300154808,620754,2000895597,126919,ООО ЭЛИТ-СТРОЙ,5025658766,Экономист,190.00,2004-11-22,240.00
2300154809,620758,2000895507,126921,ООО ЭЛИТ-СТРОЙ,5025658766,,190.00,2004-11-22,240.00
2300154810,620800,2000895508,126950,,,АДМИНИСТРАТИВНЫЙ ДИРЕКТОР,31.00,2018-02-01,186.00
2300154811,620766,2000895598,126927,,,,75.00,2014-06-05,133.00
2300154811,620769,2000895598,126929,ООО ПРОГРЕСС,3405690312,разработчик,75.00,2014-06-05,133.00
2300154811,620777,2000895598,126934,ООО ПРОГРЕСС,3405690312,разработчик,75.00,2014-06-05,133.00
2300154811,620783,2000895598,126938,ООО ПРОГРЕСС,3405690312,разработчик,75.00,2014-06-05,133.00
2300154811,620793,2000895598,126944,ООО ПРОГРЕСС,3405690312,разработчик,75.00,2014-06-05,133.00
2300154811,621336,2000895598,127213,ООО ПРОГРЕСС,3405690312,разработчик,75.00,2014-06-05,133.00
2300154812,620808,2000895509,126955,ООО БАТИСТ,4056830951,Специалист,43.00,2017-02-01,128.00
2300154812,621290,2000895509,127188,ООО ПРОГРЕСС,4056830951,Специалист,43.00,2017-02-01,128.00
2300154812,621309,2000895509,127196,ООО ПРОГРЕСС,4056830951,Специалист,43.00,2017-02-01,128.00
2300154812,621313,2000895509,127198,ООО ПРОГРЕСС,4056830951,Специалист,43.00,2017-02-01,128.00
2300154813,620778,2000895510,126935,,,,75.00,2014-06-05,133.00
2300154813,620789,2000895510,126942,ООО ПРОГРЕСС,3405690312,разработчик,75.00,2014-06-05,133.00
2300154813,620797,2000895510,126948,ООО ПРОГРЕСС,3405690312,разработчик,75.00,2014-06-05,133.00
2300154813,620802,2000895510,126951,ООО ПРОГРЕСС,3405690312,разработчик,75.00,2014-06-05,133.00
2300154813,620805,2000895510,126953,ООО ПРОГРЕСС,3405690312,разработчик,75.00,2014-06-05,133.00
2300154814,620781,2000895511,126937,ООО ЭЛИТ-СТРОЙ,5025658766,Экономист,190.00,2004-11-22,240.00
2300154815,620785,2000895512,126939,ООО ПРОГРЕСС,4056830951,Спец,120.00,2017-09-22,130.00
2300154815,620791,2000895512,126943,ООО ПРОГРЕСС,4056830951,Спец,120.00,2017-09-22,130.00
2300154815,620796,2000895512,126947,ООО ПРОГРЕСС,4056830951,Спец,120.00,2017-09-22,130.00
2300154815,620799,2000895512,126949,ООО ПРОГРЕСС,4056830951,Спец,120.00,2017-09-22,130.00
2300154816,620794,2000862030,126945,,,,24.00,2018-09-22,62.00
2300154816,620795,2000862030,126946,,,,24.00,2018-09-22,62.00
2300154817,620814,2000394101,126958,ООО НАЧАЛО,4655567725,орпорпорп,68.00,2015-01-01,68.00
2300154817,620815,2000394101,126959,ООО НАЧАЛО,4655567725,орпорпорп,68.00,2015-01-01,68.00
2300154819,620838,2000895599,126967,ООО СЕЛЬХОЗСНАБ,4028628075,Старший олух,219.00,2002-06-01,228.00
2300154819,620843,2000895599,126970,ООО СЕЛЬХОЗСНАБ,4028628075,Старший олух,219.00,2002-06-01,228.00
2300154820,620810,2000895697,126956,ООО ПОРТАЛ,4008932007,Экономист,68.00,2015-01-22,121.00
2300154821,620840,2000895698,126968,ООО АГРО-АЛЬЯНС,4028628075,Исполняющий обязанности руководителя,50.00,2016-07-01,258.00
2300154821,620852,2000895698,126975,ООО АГРО-АЛЬЯНС,4028628075,Исполняющий обязанности руководителя,50.00,2016-07-01,258.00
2300154822,620842,2000895699,126969,,,АДМИНИСТРАТИВНЫЙ КООРДИНАТОР,31.00,2018-02-01,185.00
2300154822,621227,2000895699,127158,ООО ПРОГРЕСС,4056831274,АДМИНИСТРАТИВНЫЙ КООРДИНАТОР,31.00,2018-02-01,185.00
2300154822,621281,2000895699,127182,ООО ПРОГРЕСС,4056831274,АДМИНИСТРАТИВНЫЙ КООРДИНАТОР,31.00,2018-02-01,185.00
2300154822,621284,2000895699,127184,ООО ПРОГРЕСС,4056831274,АДМИНИСТРАТИВНЫЙ КООРДИНАТОР,31.00,2018-02-01,185.00
2300154823,620817,2000895700,126960,ООО ПРОГРЕСС,4056830951,Спец,120.00,2017-09-22,130.00
2300154823,620819,2000895700,126962,ООО ПРОГРЕСС,4056830951,Спец,120.00,2017-09-22,130.00
2300154823,620822,2000895700,126963,ООО ПРОГРЕСС,4056830951,Спец,120.00,2017-09-22,130.00
2300154823,620836,2000895700,126966,ООО ПРОГРЕСС,4056830951,Спец,120.00,2017-09-22,130.00
2300154824,620894,2000895701,126993,,,,52.00,2016-05-01,195.00
2300154824,620899,2000895701,126997,ООО ПРОГРЕСС,4056831274,ооо,52.00,2016-05-01,195.00
2300154824,620915,2000895701,127004,ООО ПРОГРЕСС,4056831274,ооо,52.00,2016-05-01,195.00
2300154825,620848,2000895797,126972,,,АУДИТОР,31.00,2018-02-01,53.00
2300154826,620825,2000851166,126965,,,,65.00,2015-04-01,65.00
2300154872,620855,2000895925,126978,,,АУДИТОР,42.00,2017-03-01,98.00
2300154872,620875,2000895925,126985,ООО ЕРМОЛАЙ,4028628075,АУДИТОР,42.00,2017-03-01,98.00
2300154872,621052,2000895925,127064,ООО ЕРМОЛАЙ,4028628075,АУДИТОР,42.00,2017-03-01,98.00
2300154873,620846,2000896003,126971,,,,93.00,2012-12-12,114.00
2300154873,620854,2000896003,126977,ООО СИБТЕК,2805855829,iuyuiy,93.00,2012-12-12,114.00
2300154874,620858,2000896004,126980,,,АДМИНИСТРАТИВНЫЙ АССИСТЕНТ,18.00,2019-03-01,195.00
2300154876,620870,2000895928,126986,ООО НАЧАЛО,4881320114,Старший ревизор,39.00,2017-06-01,60.00
2300154876,620907,2000895928,127001,ООО НАЧАЛО,4881320114,Старший ревизор,39.00,2017-06-01,60.00
2300154877,620851,2000896005,126974,ООО ПРОТОН,3405690312,разработчик,64.00,2015-05-01,133.00
2300154878,620857,2000895929,126979,ООО ФАКТОР,4045568415,учитель,21.00,2018-12-22,21.00
2300154879,620890,2000896006,126991,ООО ИНТЕГРАЦИЯ,3405690312,разработчик,64.00,2015-05-01,133.00
2300154881,620881,2000896197,126990,ООО МОНОЛИТ-ТЕХНО,5719675439,спец,27.00,2018-06-22,50.00
2300154881,621350,2000896197,127217,ООО МОНОЛИТ-ТЕХНО,5719675439,спец,27.00,2018-06-22,50.00
2300154882,620919,2000896198,127007,ООО ПРОТОН,3405690312,разработчик,64.00,2015-05-01,133.00
2300154883,620878,2000884697,126988,ООО ЭЛИТ-СТРОЙ,5025658766,Экономист,190.00,2004-11-22,240.00
2300154884,620920,2000896297,127008,ООО ПРОТОН,3405690312,разработчик,64.00,2015-05-01,133.00
2300154885,620877,2000896298,126987,ООО ЭЛИТ-СТРОЙ,5025658766,Экономист,190.00,2004-11-22,240.00
2300154886,620879,2000815657,126989,ООО НАЧАЛО,4881320114,Старший ревизор,39.00,2017-06-01,60.00
2300154905,620891,2000815657,126992,ООО НАЧАЛО,4881320114,Старший ревизор,39.00,2017-06-01,60.00
2300154921,620896,2000896418,126995,ООО ПРОТОН,3405690312,разработчик,64.00,2015-05-01,133.00
2300154934,620898,2000896428,126996,ООО ФАКТОР,4001351081,Спец,26.00,2018-07-22,26.00
2300154935,620904,2000896429,126999,,,,75.00,2014-06-05,133.00
2300154935,620917,2000896429,127006,ООО ПРОГРЕСС,4056830951,Бобс,75.00,2014-06-05,133.00
2300154935,620933,2000896429,127013,ООО ПРОГРЕСС,4056830951,Бобс,75.00,2014-06-05,133.00
2300154936,620908,2000896430,127002,,,,75.00,2014-06-05,133.00
2300154936,620916,2000896430,127005,ООО ИНТЕГРАЦИЯ,4007644963,разработчик,75.00,2014-06-05,133.00
2300154937,620903,2000884697,126998,ООО ЭЛИТ-СТРОЙ,5025658766,Экономист,190.00,2004-11-22,240.00
2300154938,620906,2000896314,127000,ООО ЭЛИТ-СТРОЙ,5025658766,Экономист,190.00,2004-11-22,240.00
2300154941,620923,2000896433,127009,ООО АГРОТРЕЙДИНГ,9237897264,Спец,26.00,2018-07-22,26.00
2300154942,620925,2000896434,127010,ООО ЭЛИТ-СТРОЙ,5025658766,Экономист,190.00,2004-11-22,240.00
2300154943,620934,2000896435,127014,,,,75.00,2014-06-05,133.00
2300154943,620937,2000896435,127016,ООО ПРОГРЕСС,3405690312,разработчик,75.00,2014-06-05,133.00
2300154944,620935,2000896436,127015,,,,75.00,2014-06-05,133.00
2300154944,620938,2000896436,127017,ООО ПРОГРЕСС,3405690312,разработчик,75.00,2014-06-05,133.00
2300154945,620929,2000895929,127011,ООО ФАКТОР,4045568415,учитель,21.00,2018-12-22,21.00
2300154946,620931,2000896497,127012,ООО ФАКТОР,4045568415,учитель,21.00,2018-12-22,21.00
2300154949,620940,2000896597,127018,ООО ЭЛИТ-СТРОЙ,5025658766,Экономист,190.00,2004-11-22,240.00
2300154951,620948,2000896598,127021,,,,75.00,2014-06-05,133.00
2300154951,620951,2000896598,127023,ООО ПРОГРЕСС,4056830951,Бобс,75.00,2014-06-05,133.00
2300154952,620950,2000896599,127022,,,,75.00,2014-06-05,133.00
2300154952,620953,2000896599,127024,ООО ФАКТОР,4007644963,разработчик,75.00,2014-06-05,133.00
2300154952,620955,2000896599,127026,ООО ФАКТОР,4007644963,разработчик,75.00,2014-06-05,133.00
2300154952,620970,2000896599,127028,ООО ФАКТОР,4007644963,разработчик,75.00,2014-06-05,133.00
2300154952,620973,2000896599,127030,ООО ФАКТОР,4007644963,разработчик,75.00,2014-06-05,133.00
2300154952,620979,2000896599,127031,ООО ФАКТОР,4007644963,разработчик,75.00,2014-06-05,133.00
2300154955,621015,2000896602,127050,ООО ИНТЕГРАЦИЯ,4056830951,разработчик,64.00,2015-05-01,133.00
2300155001,620983,2000147201,127032,,,,128.00,2010-01-01,132.00
2300155004,620988,2000896629,127036,,,,75.00,2014-06-05,133.00
2300155005,621641,2000896809,127345,,,,51.00,2016-06-01,122.00
2300155036,620985,2000896897,127033,ООО ФАКТОР,4045568415,учитель,21.00,2018-12-22,21.00
2300155038,620992,2000896898,127037,ООО ФАКТОР,4045568415,учитель,21.00,2018-12-22,21.00
2300155039,620996,2000106304,127040,ООО АГРО-АЛЬЯНС,4045197013,Ведущий разработчик,8.00,2020-01-22,180.00
2300155039,621004,2000106304,127044,ООО АГРО-АЛЬЯНС,4045197013,Ведущий разработчик,8.00,2020-01-22,180.00
2300155041,620999,2000850879,127041,,,,66.00,2015-03-01,66.00
2300155042,621001,2000896900,127042,ООО ХАДАР,2621833572,спец,27.00,2018-06-22,50.00
2300155042,621002,2000896900,127043,ООО ХАДАР,2621833572,спец,27.00,2018-06-22,50.00
2300155043,621007,2000771503,127046,ООО ФЕНИКС,4018924195,разработчик,26.00,2018-07-01,122.00
2300155044,621009,2000850879,127047,,,,66.00,2015-03-01,66.00
2300155045,621011,2000896997,127048,ООО ЭЛИТ-СТРОЙ,5025658766,Экономист,190.00,2004-11-22,240.00
2300155046,621046,2000896998,127062,ООО АГРОТРЕЙДИНГ,1486164553,Специалист,43.00,2017-02-01,128.00
2300155047,621014,2000896999,127049,ООО ПРОГРЕСС,4056830951,Спец,120.00,2017-09-22,130.00
2300155047,621018,2000896999,127052,ООО ПРОГРЕСС,4056830951,Спец,120.00,2017-09-22,130.00
2300155047,621019,2000896999,127053,ООО ПРОГРЕСС,4056830951,Спец,120.00,2017-09-22,130.00
2300155047,621021,2000896999,127054,ООО ПРОГРЕСС,4056830951,Спец,120.00,2017-09-22,130.00
2300155048,621017,2000895507,127051,ООО ЭЛИТ-СТРОЙ,5025658766,,190.00,2004-11-22,240.00
2300155048,621071,2000895507,127076,ООО ЭЛИТ-СТРОЙ,5025658766,Директор,190.00,2004-11-22,240.00
2300155050,621025,2000897001,127056,ООО ИНТЕГРАЦИЯ,4056830951,разработчик,64.00,2015-05-01,133.00
2300155050,621033,2000897001,127060,ООО ИНТЕГРАЦИЯ,4056830951,разработчик,64.00,2014-06-05,133.00
2300155050,621058,2000897001,127068,ООО ИНТЕГРАЦИЯ,4056830951,разработчик,64.00,2014-06-05,133.00
2300155050,621098,2000897001,127093,ООО ИНТЕГРАЦИЯ,4056830951,разработчик,64.00,2014-06-05,133.00
2300155050,621110,2000897001,127101,ООО ИНТЕГРАЦИЯ,4056830951,разработчик,64.00,2014-06-05,133.00
2300155050,621124,2000897001,127111,ООО ИНТЕГРАЦИЯ,4056830951,разработчик,64.00,2014-06-05,133.00
2300155052,621029,2000021002,127057,ООО ГИГАНТ,4022183248,Руководитель,57.00,2015-12-12,400.00
2300155053,621078,2000897003,127081,,,,120.00,2010-09-09,120.00
2300155053,621085,2000897003,127086,ООО ФАКТОР,4056830951,служ,120.00,2010-09-09,120.00
2300155053,621089,2000897003,127089,ООО ФАКТОР,4056830951,служ,120.00,2010-09-09,120.00
2300155053,621092,2000897003,127091,ООО ФАКТОР,4056830951,служ,120.00,2010-09-09,120.00
2300155054,621031,2000829066,127058,ООО ПРОГРЕСС,8387852902,спец,25.00,2018-08-22,86.00
2300155054,621032,2000829066,127059,ООО ПРОГРЕСС,8387852902,спец,25.00,2018-08-22,86.00
2300155055,621035,2000897004,127061,ООО ЭЛИТ-СТРОЙ,5025658766,Экономист,190.00,2004-11-22,240.00
2300155061,621055,2000897006,127066,,,,75.00,2014-06-05,133.00
2300155061,621060,2000897006,127069,ООО ПРОГРЕСС,3405690312,разработчик,75.00,2014-06-05,133.00
2300155061,621063,2000897006,127071,ООО ПРОГРЕСС,3405690312,разработчик,75.00,2014-06-05,133.00
2300155061,621070,2000897006,127075,ООО ПРОГРЕСС,3405690312,разработчик,75.00,2014-06-05,133.00
2300155061,621073,2000897006,127077,ООО ПРОГРЕСС,3405690312,разработчик,75.00,2014-06-05,133.00
2300155070,621051,2000897102,127063,ООО ИНТЕГРАЦИЯ,4056830951,разработчик,64.00,2015-05-01,133.00
2300155105,621054,2000884697,127065,ООО ЭЛИТ-СТРОЙ,5025658766,Экономист,190.00,2004-11-22,240.00
2300155106,621057,2000106304,127067,ООО АГРО-АЛЬЯНС,4045197013,Ведущий разработчик,8.00,2020-01-22,180.00
2300155107,621086,2000897034,127087,ООО БАТИСТ,5283801007,Специалист,43.00,2017-02-01,128.00
2300155107,621270,2000897034,127176,ООО ЭЛИТ-СТРОЙ,8387615401,Специалист,43.00,2017-02-01,128.00
2300155108,621062,2000021002,127070,ООО ГИГАНТ,4022183248,Руководитель,57.00,2015-12-12,400.00
2300155109,621066,2000815657,127072,ООО БАТИСТ,5283801007,Специалист,43.00,2017-02-01,128.00
2300155110,621067,2000897117,127073,ООО БАТИСТ,9174831002,спец,39.00,2017-06-22,50.00
2300155110,621068,2000897117,127074,ООО БАТИСТ,9174831002,спец,39.00,2017-06-22,50.00
2300155110,621079,2000897117,127082,ООО БАТИСТ,9174831002,спец,39.00,2017-06-22,50.00
2300155110,621084,2000897117,127085,ООО БАТИСТ,9174831002,спец,39.00,2017-06-22,50.00
2300155111,621075,2000897197,127078,,,,75.00,2014-06-05,133.00
2300155111,621077,2000897197,127080,ООО АГРО-АЛЬЯНС,4007644963,разработчик,75.00,2014-06-05,133.00
2300155111,621080,2000897197,127083,ООО АГРО-АЛЬЯНС,4007644963,разработчик,75.00,2014-06-05,133.00
2300155111,621088,2000897197,127088,ООО АГРО-АЛЬЯНС,4007644963,разработчик,75.00,2014-06-05,133.00
2300155111,621091,2000897197,127090,ООО АГРО-АЛЬЯНС,4007644963,разработчик,75.00,2014-06-05,133.00
2300155111,621094,2000897197,127092,ООО АГРО-АЛЬЯНС,4007644963,разработчик,75.00,2014-06-05,133.00
2300155112,621083,2000886398,127084,ООО ФАКТОР,4045568415,учитель,21.00,2018-12-22,21.00
2300155113,621106,2000896097,127097,,,,60.00,2015-09-22,60.00
2300155113,621272,2000896097,127177,ООО ПРОГРЕСС,4056831274,Менеджер,60.00,2015-09-22,60.00
2300155113,621273,2000896097,127178,ООО ПРОГРЕСС,4056831274,Менеджер,60.00,2015-09-22,60.00
2300155113,621300,2000896097,127189,ООО ПРОГРЕСС,4056831274,Менеджер,60.00,2015-09-22,60.00
2300155115,621107,2000897198,127098,,,,79.00,2014-02-02,101.00
2300155116,621114,2000897199,127105,,,,120.00,2010-09-09,120.00
2300155116,621122,2000897199,127110,ООО ФАКТОР,4056830951,служ,120.00,2010-09-09,120.00
2300155116,621137,2000897199,127113,ООО ФАКТОР,4056830951,служ,120.00,2010-09-09,120.00
2300155116,621154,2000897199,127124,ООО ФАКТОР,4056830951,служ,120.00,2010-09-09,120.00
2300155116,621166,2000897199,127130,ООО ФАКТОР,4056830951,служ,120.00,2010-09-09,120.00
2300155117,621109,2000897200,127100,,,,75.00,2014-06-05,133.00
2300155117,621113,2000897200,127104,ООО ИНТЕГРАЦИЯ,4007644963,разработчик,75.00,2014-06-05,133.00
2300155117,621118,2000897200,127107,ООО ИНТЕГРАЦИЯ,4007644963,разработчик,75.00,2014-06-05,133.00
2300155117,621126,2000897200,127112,ООО ИНТЕГРАЦИЯ,4007644963,разработчик,75.00,2014-06-05,133.00
2300155117,621142,2000897200,127117,ООО ИНТЕГРАЦИЯ,4007644963,разработчик,75.00,2014-06-05,133.00
2300155117,621149,2000897200,127123,ООО ИНТЕГРАЦИЯ,4007644963,разработчик,75.00,2014-06-05,133.00
2300155118,621120,2000897201,127108,,,,75.00,2014-06-05,133.00
2300155118,621140,2000897201,127116,ООО ПРОГРЕСС,3405690312,разработчик,75.00,2014-06-05,133.00
2300155118,621146,2000897201,127121,ООО ПРОГРЕСС,3405690312,разработчик,75.00,2014-06-05,133.00
2300155118,621156,2000897201,127125,ООО ПРОГРЕСС,3405690312,разработчик,75.00,2014-06-05,133.00
2300155118,621162,2000897201,127128,ООО ПРОГРЕСС,3405690312,разработчик,75.00,2014-06-05,133.00
2300155118,621189,2000897201,127146,ООО ПРОГРЕСС,3405690312,разработчик,75.00,2014-06-05,133.00
2300155118,621200,2000897201,127151,ООО ПРОГРЕСС,3405690312,разработчик,75.00,2014-06-05,133.00
2300155119,621121,2000897202,127109,,,,75.00,2014-06-05,133.00
2300155119,621139,2000897202,127115,ООО ПРОГРЕСС,3405690312,разработчик,75.00,2014-06-05,133.00
2300155119,621147,2000897202,127122,ООО ПРОГРЕСС,3405690312,разработчик,75.00,2014-06-05,133.00
2300155119,621160,2000897202,127127,ООО ПРОГРЕСС,3405690312,разработчик,75.00,2014-06-05,133.00
2300155119,621164,2000897202,127129,ООО ПРОГРЕСС,3405690312,разработчик,75.00,2014-06-05,133.00
2300155120,621144,2000897198,127119,,,,79.00,2014-02-02,101.00
2300155121,621145,2000897198,127120,,,,79.00,2014-02-02,101.00
2300155167,621171,2000897397,127133,,,,75.00,2014-06-05,133.00
2300155167,621173,2000897397,127135,ООО ПРОГРЕСС,4056830951,разработчик,75.00,2014-06-05,133.00
2300155167,621180,2000897397,127140,ООО ПРОГРЕСС,4056830951,разработчик,75.00,2014-06-05,133.00
2300155167,621364,2000897397,127219,ООО ПРОГРЕСС,4056830951,разработчик,75.00,2014-06-05,133.00
2300155167,621385,2000897397,127231,ООО ПРОГРЕСС,4056830951,разработчик,75.00,2014-06-05,133.00
2300155167,621393,2000897397,127236,ООО ПРОГРЕСС,4056830951,разработчик,75.00,2014-06-05,133.00
2300155167,621398,2000897397,127240,ООО ПРОГРЕСС,4056830951,разработчик,75.00,2014-06-05,133.00
2300155168,621170,2000897398,127132,ООО АГРО-АЛЬЯНС,2106834395,работник,13.00,2019-08-22,26.00
2300155169,621176,2000897399,127137,ООО ПРОГРЕСС,4056830951,Спец,120.00,2017-09-22,130.00
2300155169,621179,2000897399,127139,ООО ПРОГРЕСС,4056830951,Спец,120.00,2017-09-22,130.00
2300155169,621181,2000897399,127141,ООО ПРОГРЕСС,4056830951,Спец,120.00,2017-09-22,130.00
2300155169,621182,2000897399,127142,ООО ПРОГРЕСС,4056830951,Спец,120.00,2017-09-22,130.00
2300155170,621178,2000897400,127138,ООО ЭЛИТ-СТРОЙ,5025658766,,190.00,2004-11-22,240.00
2300155170,621197,2000897400,127149,ООО ЭЛИТ-СТРОЙ,5025658766,,190.00,2004-11-22,240.00
2300155170,621241,2000897400,127166,ООО ЭЛИТ-СТРОЙ,5025658766,Директор,190.00,2004-11-22,240.00
2300155172,621184,2000897400,127143,ООО ЭЛИТ-СТРОЙ,5025658766,,190.00,2004-11-22,240.00
2300155174,621186,2000897401,127144,ООО ПРОГРЕСС,4056830951,Спец,120.00,2017-09-22,130.00
2300155174,621187,2000897401,127145,ООО ПРОГРЕСС,4056830951,Спец,120.00,2017-09-22,130.00
2300155174,621193,2000897401,127147,ООО ПРОГРЕСС,4056830951,Спец,120.00,2017-09-22,130.00
2300155174,621195,2000897401,127148,ООО ПРОГРЕСС,4056830951,Спец,120.00,2017-09-22,130.00
2300155175,621260,2000897403,127172,,,,93.00,2012-12-12,115.00
2300155175,621286,2000897403,127185,ООО ФАКТОР,4056830951,urtyruityeriu,93.00,2012-12-12,115.00
2300155175,621288,2000897403,127187,ООО ФАКТОР,4056830951,urtyruityeriu,93.00,2012-12-12,115.00
2300155175,621396,2000897403,127238,ООО ФАКТОР,4056830951,urtyruityeriu,93.00,2012-12-12,115.00
2300155175,621422,2000897403,127253,ООО ФАКТОР,4056830951,urtyruityeriu,93.00,2012-12-12,115.00
2300155175,621459,2000897403,127268,ООО ФАКТОР,4056830951,urtyruityeriu,93.00,2012-12-12,115.00
2300155178,621205,2000897407,127152,ООО ПРОГРЕСС,4009684561,Спец,52.00,2016-05-22,52.00
2300155182,621207,2000897497,127153,ООО ФАКТОР,4045568415,учитель,21.00,2018-12-22,21.00
2300155229,621222,2000897439,127155,,,,75.00,2014-06-05,133.00
2300155229,621225,2000897439,127157,ООО СЕЛЬХОЗСНАБ,4007644963,разработчик,75.00,2014-06-05,133.00
2300155229,621230,2000897439,127160,ООО СЕЛЬХОЗСНАБ,4007644963,разработчик,75.00,2014-06-05,133.00
2300155229,621238,2000897439,127164,ООО СЕЛЬХОЗСНАБ,4007644963,разработчик,75.00,2014-06-05,133.00
2300155229,621243,2000897439,127167,ООО СЕЛЬХОЗСНАБ,4007644963,разработчик,75.00,2014-06-05,133.00
2300155229,621251,2000897439,127170,ООО СЕЛЬХОЗСНАБ,4007644963,разработчик,75.00,2014-06-05,133.00
2300155230,621220,2000897440,127154,ООО ЭЛИТ-СТРОЙ,5025658766,Экономист,190.00,2004-11-22,240.00
2300155234,621224,2000897513,127156,ООО АГРОТРЕЙДИНГ,9237897264,бухгалтер,26.00,2018-07-22,40.00
2300155237,621228,2000897598,127159,ООО ПРОГРЕСС,4056830951,Спец,120.00,2017-09-22,130.00
2300155237,621236,2000897598,127163,ООО ПРОГРЕСС,4056830951,Спец,120.00,2017-09-22,130.00
2300155237,621240,2000897598,127165,ООО ПРОГРЕСС,4056830951,Спец,120.00,2017-09-22,130.00
2300155237,621244,2000897598,127168,ООО ПРОГРЕСС,4056830951,Спец,120.00,2017-09-22,130.00
2300155239,621232,2000897697,127161,ООО ЭЛИТ-СТРОЙ,5025658766,Экономист,190.00,2004-11-22,240.00
2300155240,621234,2000897699,127162,ООО ЭЛИТ-СТРОЙ,5025658766,Экономист,190.00,2004-11-22,240.00
2300155246,621274,2000257101,127179,,,,144.00,2008-09-01,182.00
2300155246,621275,2000257101,127180,ООО ФАКТОР,4056830951,hjhjh,144.00,2008-09-01,182.00
2300155246,621287,2000257101,127186,ООО ФАКТОР,4056830951,hjhjh,144.00,2008-09-01,182.00
2300155298,621302,2000897616,127190,ООО ФАКТОР,5026811374,спец,27.00,2018-06-22,50.00
2300155299,621304,2000829066,127191,ООО ПРОГРЕСС,8387852902,спец,25.00,2018-08-22,86.00
2300155299,621305,2000829066,127192,ООО ПРОГРЕСС,8387852902,спец,25.00,2018-08-22,86.00
2300155299,621308,2000829066,127195,ООО ПРОГРЕСС,8387852902,спец,25.00,2018-08-22,86.00
2300155299,621365,2000829066,127220,ООО ПРОГРЕСС,8387852902,спец,25.00,2018-08-22,86.00
2300155299,621386,2000829066,127232,ООО ПРОГРЕСС,8387852902,спец,25.00,2018-08-22,86.00
2300155299,621394,2000829066,127237,ООО ПРОГРЕСС,8387852902,спец,25.00,2018-08-22,86.00
2300155299,621397,2000829066,127239,ООО ПРОГРЕСС,8387852902,спец,25.00,2018-08-22,86.00
2300155300,621319,2000897797,127203,,,,16.00,2019-05-01,171.00
2300155300,621331,2000897797,127210,ООО ОК РЕМОНТ,4000228473,Менеджер,16.00,2019-05-01,171.00
2300155300,621379,2000897797,127227,ООО ОК РЕМОНТ,4000228473,Менеджер,16.00,2019-05-01,171.00
2300155300,621380,2000897797,127228,ООО ОК РЕМОНТ,4000228473,Менеджер,16.00,2019-05-01,171.00
2300155301,621312,2000897798,127197,ООО ПРОГРЕСС,4056830951,Спец,120.00,2017-09-22,130.00
2300155301,621314,2000897798,127199,ООО ПРОГРЕСС,4056830951,Спец,120.00,2017-09-22,130.00
2300155301,621315,2000897798,127200,ООО ПРОГРЕСС,4056830951,Спец,120.00,2017-09-22,130.00
2300155301,621318,2000897798,127202,ООО ПРОГРЕСС,4056830951,Спец,120.00,2017-09-22,130.00
2300155302,621317,2000897400,127201,ООО ЭЛИТ-СТРОЙ,5025658766,,190.00,2004-11-22,240.00
2300155302,621325,2000897400,127206,ООО ЭЛИТ-СТРОЙ,5025658766,Директор,190.00,2004-11-22,240.00
2300155304,621322,2000897800,127204,ООО ЭЛИТ-СТРОЙ,5025658766,Экономист,190.00,2004-11-22,240.00
2300155305,621324,2000897801,127205,ООО ФАКТОР,4045568415,учитель,21.00,2018-12-22,21.00
2300155306,621327,2000897803,127207,ООО ПРОГРЕСС,4056830951,Спец,120.00,2017-09-22,130.00
2300155306,621328,2000897803,127208,ООО ПРОГРЕСС,4056830951,Спец,120.00,2017-09-22,130.00
2300155306,621332,2000897803,127211,ООО ПРОГРЕСС,4056830951,Спец,120.00,2017-09-22,130.00
2300155306,621334,2000897803,127212,ООО ПРОГРЕСС,4056830951,Спец,120.00,2017-09-22,130.00
2300155307,621330,2000897804,127209,ООО ЭЛИТ-СТРОЙ,5025658766,,190.00,2004-11-22,240.00
2300155309,621467,2000897897,127272,,,,53.00,2016-04-13,126.00
2300155309,621474,2000897897,127276,ООО ПОРТАЛ,7930804887,Руководитель,53.00,2016-04-13,126.00
2300155309,621479,2000897897,127279,ООО ПОРТАЛ,7930804887,Руководитель,53.00,2016-04-13,126.00
2300155309,621505,2000897897,127290,ООО ПОРТАЛ,7930804887,Руководитель,53.00,2016-04-13,126.00
2300155309,621582,2000897897,127325,ООО ПОРТАЛ,7930804887,Руководитель,53.00,2016-04-13,126.00
2300155310,621349,2000897806,127216,ООО ЭЛИТ-СТРОЙ,5025658766,Экономист,190.00,2004-11-22,240.00
2300155356,621383,2000897836,127230,ООО БАТИСТ,5283801007,Специалист,43.00,2017-02-01,128.00
2300155357,621367,2000897837,127221,ООО ПРОГРЕСС,4056830951,Спец,120.00,2017-09-22,130.00
2300155358,621369,2000897838,127222,ООО ПРОГРЕСС,4056830951,Спец,120.00,2017-09-22,130.00
2300155359,621371,2000897915,127223,ООО БАТИСТ,7850644067,нотариус,121.00,2010-08-22,171.00
2300155360,621399,2000897997,127241,ООО ПОРТАЛ,4017898397,рук-ль,24.00,2018-09-01,60.00
2300155361,621382,2000897804,127229,ООО ЭЛИТ-СТРОЙ,5025658766,,190.00,2004-11-22,240.00
2300155362,621412,2000897998,127247,ООО НАЧАЛО,4881320114,Старший ревизор,39.00,2017-06-01,60.00
2300155363,621414,2000897998,127249,ООО НАЧАЛО,4881320114,Старший ревизор,39.00,2017-06-01,60.00
2300155363,621573,2000897998,127320,ООО НАЧАЛО,4881320114,Старший ревизор,39.00,2017-06-01,60.00
2300155363,621708,2000897998,127369,ООО НАЧАЛО,4881320114,Старший ревизор,39.00,2017-06-01,60.00
2300155363,621710,2000897998,127371,ООО НАЧАЛО,4881320114,Старший ревизор,39.00,2017-06-01,60.00
2300155364,621389,2000897999,127233,ООО ЭЛИТ-СТРОЙ,5025658766,Экономист,190.00,2004-11-22,240.00
2300155365,621392,2000898000,127235,ООО ЭЛИТ-СТРОЙ,5025658766,,190.00,2004-11-22,240.00
2300155366,621413,2000232701,127248,,,,0.00,,0.00
2300155366,621438,2000232701,127256,,,,0.00,,0.00
2300155367,621420,2000275501,127252,,,,26.00,2018-07-22,60.00
2300155381,621435,2000884697,127255,ООО ЭЛИТ-СТРОЙ,5025658766,Экономист,190.00,2004-11-22,240.00
2300155414,621444,2000898029,127259,,,,75.00,2014-06-05,133.00
2300155414,621447,2000898029,127262,ООО ПРОГРЕСС,3405690312,разработчик,75.00,2014-06-05,133.00
2300155414,621453,2000898029,127265,ООО ПРОГРЕСС,3405690312,разработчик,75.00,2014-06-05,133.00
2300155414,621463,2000898029,127269,ООО ПРОГРЕСС,3405690312,разработчик,75.00,2014-06-05,133.00
2300155414,621470,2000898029,127273,ООО ПРОГРЕСС,3405690312,разработчик,75.00,2014-06-05,133.00
2300155415,621445,2000898114,127260,,,,75.00,2014-06-05,133.00
2300155415,621448,2000898114,127263,ООО ПРОГРЕСС,3405690312,разработчик,75.00,2014-06-05,133.00
2300155415,621454,2000898114,127266,ООО ПРОГРЕСС,3405690312,разработчик,75.00,2014-06-05,133.00
2300155415,621465,2000898114,127270,ООО ПРОГРЕСС,3405690312,разработчик,75.00,2014-06-05,133.00
2300155415,621472,2000898114,127274,ООО ПРОГРЕСС,3405690312,разработчик,75.00,2014-06-05,133.00
2300155415,621747,2000898114,127384,ООО ПРОГРЕСС,3405690312,разработчик,75.00,2014-06-05,133.00
2300155416,621442,2000898030,127258,ООО ЭЛИТ-СТРОЙ,5025658766,,190.00,2004-11-22,240.00
2300155416,621473,2000898030,127275,ООО ЭЛИТ-СТРОЙ,5025658766,Директор,190.00,2004-11-22,240.00
2300155417,621456,2000274603,127267,,,,38.00,2017-07-22,60.00
2300155418,621476,2000851066,127277,,,,65.00,2015-04-01,65.00
2300155419,621478,2000898030,127278,ООО ЭЛИТ-СТРОЙ,5025658766,,190.00,2004-11-22,240.00
2300155420,621482,2000898197,127280,,,,75.00,2014-06-05,133.00
2300155420,621485,2000898197,127282,ООО ПРОГРЕСС,3405690312,разработчик,75.00,2014-06-05,133.00
2300155420,621488,2000898197,127284,ООО ПРОГРЕСС,3405690312,разработчик,75.00,2014-06-05,133.00
2300155420,621491,2000898197,127286,ООО ПРОГРЕСС,3405690312,разработчик,75.00,2014-06-05,133.00
2300155420,621502,2000898197,127289,ООО ПРОГРЕСС,3405690312,разработчик,75.00,2014-06-05,133.00
2300155420,621510,2000898197,127292,ООО ПРОГРЕСС,3405690312,разработчик,75.00,2014-06-05,133.00
2300155421,621519,2000898198,127296,,,ВЕДУЩИЙ ИНЖЕНЕР,56.00,2016-01-01,314.00
2300155423,621484,2000898199,127281,ООО ЭЛИТ-СТРОЙ,5025658766,,190.00,2004-11-22,240.00
2300155423,621507,2000898199,127291,ООО ЭЛИТ-СТРОЙ,5025658766,Директор,190.00,2004-11-22,240.00
2300155424,621487,2000829066,127283,ООО ПРОГРЕСС,8387852902,спец,25.00,2018-08-22,86.00
2300155424,621489,2000829066,127285,ООО ПРОГРЕСС,8387852902,спец,25.00,2018-08-22,86.00
2300155425,621493,2000897198,127287,,,,76.00,2014-02-02,101.00
2300155427,621541,2000898200,127302,ООО НАЧАЛО,4881320114,Старший ревизор,39.00,2017-06-01,60.00
2300155428,621516,2000898201,127294,,,,60.00,2015-09-21,120.00
2300155428,621523,2000898201,127297,ООО ОК РЕМОНТ,4025982831,ногпопро,60.00,2015-09-21,120.00
2300155428,621539,2000898201,127300,ООО ОК РЕМОНТ,4025982831,ногпопро,60.00,2015-09-21,120.00
2300155428,621545,2000898201,127304,ООО ОК РЕМОНТ,4025982831,ногпопро,60.00,2015-09-21,120.00
2300155428,621548,2000898201,127306,ООО ОК РЕМОНТ,4025982831,ногпопро,60.00,2015-09-21,120.00
2300155429,621546,2000898202,127305,ООО НАЧАЛО,4881320114,Старший ревизор,39.00,2017-06-01,60.00
2300155430,621515,2000898204,127293,ООО ЭЛИТ-СТРОЙ,5025658766,,190.00,2004-11-22,240.00
2300155431,621555,2000898206,127310,ООО БАТИСТ,5283801007,Специалист,43.00,2017-02-01,128.00
2300155444,621563,2000898219,127314,ООО БАТИСТ,5283801007,Специалист,43.00,2017-02-01,128.00
2300155453,621537,2000898227,127299,ООО ЭЛИТ-СТРОЙ,5025658766,Экономист,190.00,2004-11-22,240.00
2300155479,621566,2000898219,127316,ООО БАТИСТ,5283801007,Специалист,43.00,2017-02-01,128.00
2300155480,621543,2000898397,127303,ООО ЭЛИТ-СТРОЙ,5025658766,,190.00,2004-11-22,240.00
2300155480,621575,2000898397,127322,ООО ЭЛИТ-СТРОЙ,5025658766,Директор,190.00,2004-11-22,240.00
2300155481,621550,2000898398,127307,ООО ЭЛИТ-СТРОЙ,4056830951,Заведующий отделом тестирования,60.00,2015-09-22,60.00
2300155481,621551,2000898398,127308,ООО ЭЛИТ-СТРОЙ,4056830951,Заведующий отделом тестирования,60.00,2015-09-22,60.00
2300155482,621553,2000898399,127309,ООО НАЧАЛО,4001817401,спец,75.00,2014-06-22,86.00
2300155483,621565,2000898400,127315,,,,60.00,2015-09-07,120.00
2300155483,621570,2000898400,127319,ООО ПОРТАЛ,4025982831,пропро,60.00,2015-09-07,120.00
2300155483,621574,2000898400,127321,ООО ПОРТАЛ,4025982831,пропро,60.00,2015-09-07,120.00
2300155483,621617,2000898400,127333,ООО ПОРТАЛ,4025982831,пропро,60.00,2015-09-07,120.00
2300155483,621625,2000898400,127339,ООО ПОРТАЛ,4025982831,пропро,60.00,2015-09-07,120.00
2300155488,621568,2000897198,127317,,,,76.00,2014-02-02,101.00
2300155489,621576,2000898404,127323,,,,93.00,2012-12-12,115.00
2300155489,621580,2000898404,127324,ООО СИБТЕК,2805855829,uyuiyi,93.00,2012-12-12,115.00
2300155489,621586,2000898404,127326,ООО СИБТЕК,2805855829,uyuiyi,93.00,2012-12-12,115.00
2300155489,621596,2000898404,127329,ООО СИБТЕК,2805855829,uyuiyi,93.00,2012-12-12,115.00
2300155489,621600,2000898404,127331,ООО СИБТЕК,2805855829,uyuiyi,93.00,2012-12-12,115.00
2300155489,621630,2000898404,127343,ООО СИБТЕК,2805855829,uyuiyi,93.00,2012-12-12,115.00
2300155493,621597,2000898498,127330,,,,19.00,2019-02-04,122.00
2300155493,621601,2000898498,127332,ООО ОК РЕМОНТ,4000228473,Специалист,19.00,2019-02-04,122.00
2300155493,621622,2000898498,127337,ООО ОК РЕМОНТ,4000228473,Специалист,19.00,2019-02-04,122.00
2300155493,621627,2000898498,127341,ООО ОК РЕМОНТ,4000228473,Специалист,19.00,2019-02-04,122.00
2300155494,621590,2000898408,127327,ООО ЭЛИТ-СТРОЙ,5025658766,,190.00,2004-11-22,240.00
2300155495,621628,2000898499,127342,,,,35.00,2017-10-21,78.00
2300155495,621643,2000898499,127347,ООО ПРОГРЕСС,3405690312,спец,35.00,2017-10-21,78.00
2300155497,621618,2000898500,127334,,,,37.00,2017-08-28,50.00
2300155497,621623,2000898500,127338,ООО ПОРТАЛ,7930804887,спец,37.00,2017-08-28,50.00
2300155497,621626,2000898500,127340,ООО ПОРТАЛ,7930804887,спец,37.00,2017-08-28,50.00
2300155497,621634,2000898500,127344,ООО ПОРТАЛ,7930804887,спец,37.00,2017-08-28,50.00
2300155546,621620,2000897198,127335,,,,76.00,2014-02-02,101.00
2300155548,621677,2000851766,127359,ООО ОК РЕМОНТ,9196821613,апр,32.00,2018-01-01,36.00
2300155551,621657,2000898898,127350,ООО ЭЛИТ-СТРОЙ,5025658766,Экономист,190.00,2004-11-22,240.00
2300155552,621676,2000830594,127358,ООО БАТИСТ,5283801007,Специалист,43.00,2017-02-01,128.00
2300155553,621660,2000898799,127351,,,,37.00,2017-08-22,37.00
2300155554,621667,2000898800,127353,,,,75.00,2014-06-05,133.00
2300155554,621671,2000898800,127355,ООО ПРОГРЕСС,3405690312,разработчик,75.00,2014-06-05,133.00
2300155554,621673,2000898800,127356,ООО ПРОГРЕСС,3405690312,разработчик,75.00,2014-06-05,133.00
2300155554,621675,2000898800,127357,ООО ПРОГРЕСС,3405690312,разработчик,75.00,2014-06-05,133.00
2300155554,621679,2000898800,127360,ООО ПРОГРЕСС,3405690312,разработчик,75.00,2014-06-05,133.00
2300155555,621696,2000898801,127363,,,,0.00,,
2300155601,621692,2000899013,127361,ООО ЕРМОЛАЙ,4022065903,рук,93.00,2012-12-22,241.00
2300155602,621698,2000106304,127364,ООО АГРО-АЛЬЯНС,4045197013,Ведущий разработчик,8.00,2020-01-22,180.00
2300155602,621706,2000106304,127368,ООО АГРО-АЛЬЯНС,4045197013,Ведущий разработчик,8.00,2020-01-22,180.00
2300155603,621700,2000884697,127365,ООО ЭЛИТ-СТРОЙ,5025658766,Экономист,190.00,2004-11-22,240.00
2300155604,621709,2000899097,127370,,,,75.00,2014-06-05,133.00
2300155604,621711,2000899097,127372,ООО ПРОГРЕСС,3405690312,разработчик,75.00,2014-06-05,133.00
2300155604,621715,2000899097,127374,ООО ПРОГРЕСС,3405690312,разработчик,75.00,2014-06-05,133.00
2300155604,621717,2000899097,127375,ООО ПРОГРЕСС,3405690312,разработчик,75.00,2014-06-05,133.00
2300155604,621721,2000899097,127377,ООО ПРОГРЕСС,3405690312,разработчик,75.00,2014-06-05,133.00
2300155605,621713,2000897497,127373,ООО ФАКТОР,4045568415,учитель,21.00,2018-12-22,21.00
2300155606,621719,2000897497,127376,ООО ФАКТОР,4045568415,учитель,21.00,2018-12-22,21.00
2300155607,621723,2000899197,127378,ООО ЭЛИТ-СТРОЙ,5025658766,,190.00,2004-11-22,240.00
2300155653,621753,2000394101,127385,ООО АГРО-АЛЬЯНС,5548401192,рук-ль,24.00,2018-09-01,60.00
2300155653,621754,2000394101,127386,ООО АГРО-АЛЬЯНС,5548401192,рук-ль,24.00,2018-09-01,60.00
2300155654,621736,2000899230,127379,ООО ФАКТОР,4045568415,учитель,21.00,2018-12-22,21.00
2300155655,621738,2000899231,127380,ООО ФАКТОР,4045568415,учитель,21.00,2018-12-22,21.00
2300155656,621757,2000899397,127387,,,,68.00,2015-01-01,120.00
2300155702,621780,2000899698,127388,ООО НАЧАЛО,4881320114,Старший ревизор,39.00,2017-06-01,60.00
2300155703,621781,2000899698,127389,ООО НАЧАЛО,4881320114,Старший ревизор,39.00,2017-06-01,60.00
2300155704,621784,2000899698,127392,ООО НАЧАЛО,4881320114,Старший ревизор,39.00,2017-06-01,60.00
2300155705,621783,2000899698,127391,ООО НАЧАЛО,4881320114,Старший ревизор,39.00,2017-06-01,60.00
2300155706,621782,2000899698,127390,ООО НАЧАЛО,4881320114,Старший ревизор,39.00,2017-06-01,60.00
2300155707,621785,2000899698,127393,ООО НАЧАЛО,4881320114,Старший ревизор,39.00,2017-06-01,60.00
2300155939,621838,2000898801,127395,,,,0.00,,
2300155985,621850,2000900997,127396,,,,0.00,,
2300156031,621862,2000901397,127397,,,,0.00,,
2300156122,621885,2000849965,127398,ООО БАТИСТ,5025863679,Специалист / Рабочий,13.00,2019-08-23,63.00
